form_id	form
1	chönd
2	sii
3	iri
4	jugendziit
5	beschriibe
6	jaa
7	ich
8	wän
9	das
10	geboore
11	bì
12	
13	s
14	ìch
15	bin
16	am
17	sächsezwänzgischte
18	jänner
19	nünzehundertzwölf
20	gibore
21	und
22	zwaar
23	ììch
24	i/
25	in
26	wolfeschiesse
27	mii
28	vatter
29	mi
30	mueter
31	sind
32	wolfeschiesser
33	bürger
34	gsi
35	deen
36	mit
37	füüf
38	jaare
39	sim
40	mir
41	nach
42	schtans
43	cho
44	daa
45	i
46	d
47	schuel
48	sächs
49	jaar
50	het
51	mer
52	müesse
53	pünteli
54	phaken
55	sis
56	broot
57	verdiene
58	isch
59	zääte
60	chind
61	gschtorbe
62	ja
63	de
64	füfze
65	järig
66	gsii
67	wo
68	si
69	gschtorben
70	huishalt
71	uufglööst
72	alli
73	di
74	chliine
75	gschwüschterti
76	zu
77	verwante
78	choo
79	bi
80	zeersch
81	miner
82	gsìì
83	schtärbebet
84	wil
85	gad
86	z
87	schtanz
88	schoo
89	innere
90	schteu
91	ùnd
92	hebam
93	prichtet
94	schwäär
95	mues
96	schtäärbe
97	zw/
98	zwee
99	wuche
100	der
101	geburt
102	nä
103	schpitaal
104	han
105	verschpräche
106	miesse
107	e
108	käs
109	is
110	waissehuis
111	tiegid
112	zämeschtaa
113	im
114	hälffe
115	fir
116	die
117	zaale
118	häm
119	verschproche
120	da
121	füfti
122	bueben
123	denaa
124	maitli
125	wider
126	bueb
127	es
128	maitschi
129	wuchen
130	nachhär
131	guet
132	uifglööst
133	miir
134	hend
135	niit
136	chänne
137	me
138	hai
139	aifach
140	woo
141	chennen
142	us
143	go
144	verdienä
145	haiggä
146	was
147	loon
148	ghaa
149	zää
150	franke
151	monet
152	choscht
153	schlaafe
154	ùùnd
155	mini
156	maischtersliit
157	duezmaal
158	ggää
159	für
160	drii
161	vier
162	no
163	choschtgält
164	zaalt
165	uund
166	so
167	ziit
168	f/
169	chli
170	weniger
171	woorde
172	òü
173	miessen
174	en
175	andere
176	schtel
177	aanää
178	är
179	ufere
180	saagi
181	er
182	gschaffet
183	won
184	chenne
185	loschii
186	haa
187	famili
188	als
189	usenandchoo
190	tante
191	glòüb
192	echli
193	organisiert
194	uf
195	al
196	fäl
197	aabig
198	alles
199	furt
200	seer
201	schèèni
202	sache
203	praacht
204	vo
205	iirer
206	mitgno
207	alti
208	komoode
209	schränkli
210	tracht
211	trait
212	achzehundertsibenesibezg
213	soo
214	halt
215	vil
216	aifacht
217	verloore
218	ggange
219	gaar
220	nid
221	wüssed
222	wos
223	hìì
224	näüchiuch
225	bimene
226	groosse
227	puir
228	mälcher
229	äär
230	dihaimen
231	uis
232	puirebueb
233	ggangen
234	schtelle
235	bis
236	zwänzgi
237	mim
238	nie
239	rappe
240	gsee
241	daas
242	händ
243	huishaltschtelle
244	aso
245	ai
246	g/
247	glii
248	dem
249	gschtoorbe
250	jemand
251	waiss
252	wäär
253	gsait
254	sèl
255	nüüägeri
256	gaa
257	deet
258	sig
259	schpinneri
260	det
261	chen
262	schaffe
263	medchenhaim
264	vonnere
265	chlooschterfròü
266	glaitet
267	chenn
268	ässen
269	schlaaffe
270	sait
271	doch
272	härrlich
273	scho
274	firnes
275	chummer
276	do
277	/i
278	ne
279	dette
280	näüägeri
281	hät
282	tèrffe
283	fabrik
284	doo
285	achzäni
286	nämid
287	dich
288	ez
289	aber
290	dui
291	muesch
292	suntig
293	chrischteleer
294	tarfsch
295	aamälde
296	schüsch
297	märkid
298	as
299	mis
300	äbe
301	jung
302	bisch
303	hets
304	eso
305	gfalle
306	ö̀ü
307	mache
308	über
309	jüngschti
310	wischen
311	träk
312	ainisch
313	zum
314	tiräkter
315	ha
316	wische
317	haimen
318	mècht
319	aarbet
320	hat
321	eppis
322	bringi
323	mies
324	em
325	minderjäärigi
326	haig
327	verschprochen
328	dää
329	a
330	esoon
331	fräüd
332	gha
333	gluegt
334	an
335	maschine
336	mitere
337	eltere
338	fräue
339	mììch
340	wie
341	mietere
342	mich
343	den
344	nachegnoo
345	scheen
346	verdienet
347	glüklich
348	pliib
349	amel
350	hani
351	pliibe
352	äs
353	alig
354	wemme
355	pliibt
356	schlächte
357	karakter
358	wenigisch
359	womme
360	bliibt
361	sigs
362	oder
363	schlächt
364	huishaltig
365	hushalt
366	gärtnerii
367	iich
368	littau
369	na
370	zletscht
371	bekerei
372	zwaije/
373	alt
374	ghüraate
375	hemmer
376	isi
377	jingschté
378	versoorgt
379	öppe
380	gnoo
381	feeri
382	plibe
383	min
384	maa
385	gleert
386	kenne
387	rozloch
388	schriinerii
389	roz
390	sibeze
391	drììssgi
392	zwaijezwänzgi
393	tuen
394	hüraate
395	simmer
396	amen
397	oort
398	dehaime
399	d/
400	sägid
401	hüt
402	gend
403	wen
404	üüs
405	chemid
406	schwöschter
407	uisgwanderet
408	ameerika
409	aini
410	òüschtraalie
411	dene
412	baidne
413	haichoo
414	aint
415	nur
416	jinger
417	anderi
418	geschter
419	viere/
420	dachzgi
421	auschtraalie
422	immer
423	kontakt
424	troz
425	allem
426	zämehaa
427	immer/
428	nuur
429	enand
430	jüngscht
431	brieder
432	achtjäärig
433	gschtoorben
434	füfzg
435	zääti
436	miest
437	hit
438	nümme
439	he
440	mee
441	rekruiteschuel
442	gäld
443	psueche
444	dä
445	däsch
446	schpeeter
447	wäggis
448	tannebärg
449	bimen
450	onkel
451	knächt
452	schwinget
453	söön
454	chum
455	chasch
456	mitis
457	he/
458	is/
459	uifgsuecht
460	morgen
461	sibni
462	chile
463	tänkt
464	dasch
465	äaine
466	wi
467	ganz
468	wiissblondi
469	haar
470	jingschte
471	ha/
472	dän
473	zur
474	chilen
475	blondi
476	hinder
477	nachen
478	wommer
479	huis
480	ine
481	nachecho
482	glüüte
483	gäl
484	du
485	men
486	fascht
487	ali
488	würklich
489	vertailt
490	e/
491	körperkontakt
492	neecher
493	vili
494	iis
495	gschpaart
496	emal
497	welle
498	zwai
499	ainte
500	gschribe
501	zaalidich
502	rais
503	wenner
504	luege
505	wimers
506	uirner
507	groossi
508	farm
509	sich
510	uifegschaffet
511	miteme
512	motel
513	mitenand
514	gfüert
515	oberschg/
516	schenkelhals
517	proche
518	jünger
519	gaatere
520	oordeli
521	baide
522	schwöschteren
523	uusgwanderet
524	welne
525	baidi
526	muesi
527	säge
528	füfefüfzg
529	gliiche
530	weles
531	vor
532	sächsevierzg
533	grad
534	chrieg
535	fal
536	chliini
537	ander
538	kaini
539	änge
540	öü
541	junge
542	diissi
543	tochter
544	jungen
545	eutere
546	mou
547	wält
548	nimme
549	grooss
550	erscht
551	maal
552	dure
553	jesses
554	maria
555	erläb
556	nit
557	noiägeri
558	schpinnerai
559	gs/
560	ezte
561	wais
562	ep
563	eggsischtiert
564	dernaa
565	unterägeri
566	näügeri
567	eppe
568	drissg
569	mänzige
570	gchochet
571	imen
572	internaat
573	schpaziere
574	zwaije
575	hooch
576	haim
577	arbet
578	mh
579	lieber
580	ergää
581	genäu
582	möse
583	machen
584	däre
585	hem
586	waar
587	watteform
588	ufene
589	hö/
590	schpuele
591	chliineri
592	faadeschlaag
593	gloffe
594	glük
595	hane
596	rächt
597	langi
598	aarm
599	w/
600	um
601	maschinen
602	ume
603	probiert
604	fääden
605	abgsii
606	aazseze
607	nää
608	finger
609	ane
610	u/
611	walze
612	sezen
613	nu/
614	hesch
615	glik
616	arm
617	uisrichte
618	aaseze
619	schtuel
620	schtil
621	gschanden
622	tiki
623	churzaarmig
624	siite
625	chaschmer
626	durch
627	dass
628	due
629	anechoo
630	zirka
631	achzg
632	nünzg
633	ablifere
634	laischitgsabhängige
635	akord
636	zelt
637	ufgschribe
638	wivil
639	schtund
640	wi/
641	fürne
642	laischtig
643	òüfseer
644	viermal
645	verbii
646	eb
647	macht
648	müe
649	natierli
650	gliklich
651	dère
652	paar
653	fränkli
654	schpaare
655	acht
656	dee
657	uissland
658	wes
659	ä
660	friener
661	fasch
662	käni
663	löön
664	hafner
665	kai
666	vermöge
667	apsoluit
668	mììr
669	wir
670	jeregot
671	allernöötigisch
672	esoo
673	firaabig
674	bimmene
675	maischter
676	fifze
677	aarbaiter
678	regierigsraat
679	sövǜu
680	voorabaiter
681	gschpilt
682	seen
683	schriiner
684	glèèrt
685	lèèr
686	ire
687	s/
688	ghüraaten
689	sächsedrii/
690	vierdriissgi
691	nüüne/
692	sächsedriissgi
693	driijäärig
694	gwüsst
695	ass
696	chunt
697	gsaait
698	gfasst
699	wens
700	git
701	k/
702	sèèr
703	kriisejaar
704	wenig
705	anders
706	tornischter
707	paraat
708	naa
709	kabut
710	uifpunde
711	eerschte
712	taag
713	mobiilmachig
714	morged
715	ainhait
716	münd
717	batalioon
718	nidwaltner
719	batelioon
720	dö/
721	bim
722	landscht/
723	landweerbatelioon
724	döt
725	hundert
726	achti
727	hundertachti
728	hundertsibenevierzgi
729	ä/
730	dùe
731	ò
732	gäg
733	vierzge
734	viererjaargang
735	fifedriissgi
736	aines
737	morgens
738	gheert
739	m/
740	marschmusig
741	lòüf
742	raadio
743	marschplatten
744	radioo
745	eson
746	alte
747	ghai/
748	täl
749	ghaisse
750	gseene
751	jez
752	chòüffe
753	par
754	uiftaa
755	gfalt
756	gseet
757	phunkt
758	zwölfi
759	gh/
760	sändig
761	schwaizerische
762	bundesraat
763	mobiilmachung
764	bekant
765	gegeeben
766	firme
767	buechs
768	uiferen
769	hen
770	innenuisbui
771	muess
772	morn
773	moorge
774	gaan
775	namitaag
776	wäärchzüüg
777	zämephake
778	wenigschtens
779	neetigisch
780	gmacht
781	urlòüb
782	wiitersch
783	gaat
784	milidäär
785	zimmli
786	sicher
787	buechsig
788	her
789	tokter
790	odermat
791	innen
792	uisbuu
793	siis
794	gschäft
795	iigrukt
796	nichts
797	gschtande
798	när
799	zèèrsch
800	mach
801	bekerii
802	näb
803	letschti
804	fäldwaibu
805	iiruke
806	dèren
807	duu
808	tue
809	frendi
810	liit
811	gflikt
812	glismet
813	scheeni
814	ganzi
815	rökli
816	sogaar
817	blüüsli
818	ziig
819	ebe
820	buze
821	froo
822	z/
823	wiil
824	usse
825	kasärne
826	son
827	hütli
828	kiosk
829	psorgsch
830	zmitaag
831	set
832	uber
833	mitaag
834	häre
835	eppen
836	vom
837	ölfi
838	ais
839	chan
840	mitnää
841	welo
842	halbisächsi
843	aa
844	biss
845	letscht
846	dinnen
847	cha
848	znacht
849	wäärde
850	offe
851	bek
852	bringt
853	l/
854	lòüffend
855	grossi
856	chueche
857	rundi
858	blääch
859	epfelchueche
860	zwätschegechueche
861	sämtlichi
862	militäärartikel
863	chaarte
864	militäärchaarte
865	buzschtök
866	militäärsek
867	brootsek
868	süessikaite
869	schoggelaade
870	nor
871	ängebäärgerschtraass
872	gwont
873	woonig
874	driizimmerwoonig
875	füf
876	elter
877	weder
878	ise
879	allig
880	züenem
881	hends
882	chöchi
883	hete
884	bet
885	taa
886	aabid
887	herschaft
888	dorfplaz
889	glost
890	schlaaft
891	tänked
892	soorge
893	ächt
894	lòüft
895	wonig
896	umenand
897	tunklen
898	amig
899	angscht
900	aal
901	afig
902	wiiterggange
903	ziitig
904	uisgschribe
905	haiged
906	zwenig
907	underkümft
908	underofizier
909	wemmen
910	irgend
911	vorigs
912	dienscht
913	niijaar
914	entlasse
915	hundertvierz/
916	hundertvier/
917	hundertfiifevierzgi
918	teritoriaalbatelioon
919	altersmäässig
920	umtailt
921	worde
922	nüüjaar
923	nünzevierzg
924	miich
925	gmäldet
926	unterkümft
927	aabiete
928	schlaaffzimmer
929	iisers
930	eeschlaafzimmer
931	heig
932	schlaafzimmer
933	vermietet
934	chääm
935	pro
936	nacht
937	franken
938	zurgggschribe
939	schöön
940	möchti
941	basler
942	uurlaub
943	iisi
944	umbette
945	iises
946	zimmer
947	dritte
948	wien
949	gautsch
950	richtigs
951	chinderbet
952	groosses
953	chinderbettli
954	überchoo
955	gang
956	inne
957	uu/
958	fäldwaibel
959	umfal
960	falschirm
961	abgschprungen
962	fuess
963	verlezt
964	chened
965	impeere
966	chented
967	nuze
968	ir
969	cheneds
970	sold
971	gönt
972	haibringe
973	läbid
974	läbesmittelcharte
975	echlii
976	anke
977	pruicht
978	choche
979	uirlaub
980	mezger
981	mezgerei
982	wirtschaft
983	hoochbetriib
984	inen
985	gleser
986	schpiele
987	hanne
988	mezgerwesch
989	züüg
990	uisghulffe
991	befründet
992	schens
993	schtükli
994	flaisch
995	dasmer
996	achs/
997	achtevierzg/
998	sächsevierzgi
999	schtudiere
1000	naai
1001	roosmarii
1002	ireen
1003	zwaijevierzgi
1004	rosmarii
1005	vierevierzgi
1006	wärend
1007	ibercho
1008	baasler
1009	iikwartiert
1010	furier
1011	lüüt
1012	nätti
1013	sseer
1014	schlüssel
1015	uissenuufe
1016	hiisli
1017	schtaat
1018	uissenuufen
1019	schtäge
1020	rächts
1021	ires
1022	schlaafzimer
1023	morge
1024	mängisch
1025	frie
1026	gwäsche
1027	chuchi
1028	niene
1029	baad
1030	tuschi
1031	dùezmaal
1032	hüüsli
1033	weezee
1034	tröögli
1035	siich
1036	deete
1037	chalt
1038	warm
1039	wasser
1040	plumps
1041	kloset
1042	gwisst
1043	zfride
1044	jedem
1045	tiechli
1046	anghänkt
1047	dena
1048	better
1049	aafang
1050	tüeg
1051	pettet
1052	chuim
1053	schue
1054	sälber
1055	puzt
1056	glòübe
1057	bund
1058	zuegschik/
1059	zuegschikt
1060	waissi
1061	zimmergäld
1062	erinnere
1063	mai
1064	hittler
1065	frankriich
1066	überfalle
1067	schtruub
1068	siner
1069	wohii
1070	miemmer
1071	n/
1072	je
1073	bräntschilig
1074	nai
1075	nüüechilch
1076	aimaal
1077	schlim
1078	beraitschtellig
1079	òüto
1080	eine
1081	nooch
1082	schuelhuis
1083	gwoont
1084	dier
1085	chlopfen
1086	schalisii
1087	kä
1088	miim
1089	zäme
1090	gchlopfet
1091	passiert
1092	ängelbärg
1093	gfaare
1094	bluemeschtek
1095	bluemechischtli
1096	möglichs
1097	obe
1098	läbe
1099	che/
1100	chenned
1101	rette
1102	üiflade
1103	noijechilch
1104	wacht
1105	imene
1106	schtal
1107	siged
1108	manne
1109	pääget
1110	gits
1111	mümmer
1112	brueder
1113	chlöüs
1114	hand
1115	uuftaa
1116	ofizier
1117	tüütschi
1118	behòüptet
1119	haigets
1120	fäärnsee
1121	ghöört
1122	tieged
1123	behòüpte
1124	waarhait
1125	verschoont
1126	wemmer
1127	ängi
1128	ängpäss
1129	hert
1130	äu
1131	we/
1132	uiliidig
1133	gfluechet
1134	tiitsch
1135	huere
1136	nidwaldner
1137	kais
1138	wieschts
1139	wort
1140	woortschaz
1141	gmuilet
1142	gots
1143	name
1144	müend
1145	wääred
1146	afaa
1147	gschäfte
1148	gfüül
1149	besseri
1150	ziite
1151	riiche
1152	uise
1153	gschpaaret
1154	uif
1155	ùù/
1156	schränken
1157	bank
1158	inweschtiere
1159	tiend
1160	infeschtiere
1161	gringer
1162	gaats
1163	niid
1164	tiemmer
1165	aafönd
1166	wärchschtat
1167	wagner
1168	kennid
1169	franz
1170	ghaissen
1171	nimmen
1172	wonner
1173	uurläub
1174	ghat/
1175	täätisch
1176	verleene
1177	übernää
1178	chòüfflich
1179	nim
1180	ichs
1181	uuralt
1182	transmissioonsrieme
1183	weme
1184	me/
1185	rieme
1186	wägnä
1187	bankwärchschtat
1188	oni
1189	haizig
1190	gmietet
1191	haize
1192	gschpire
1193	aagfange
1194	wäärid
1195	gält
1196	gusẽẽ
1197	dèè
1198	bärn
1199	ledige
1200	ober/
1201	ischt
1202	oberzol
1203	tiräkzioon
1204	hööchersch
1205	los
1206	eduard
1207	tichtige
1208	tu
1209	wotsch
1210	sälbschtändig
1211	ch/
1212	diich
1213	sigfrid
1214	wet
1215	holz
1216	gäut
1217	fiif
1218	sächstuusig
1219	hetems
1220	zumene
1221	bankziis
1222	verziiset
1223	wǜu
1224	ziis
1225	umegää
1226	miin
1227	ma/maa
1228	gwissne
1229	schtolz
1230	dä/
1231	gusäng
1232	schwigervatter
1233	isch/
1234	eerscht
1235	zrugg
1236	gää
1237	gseesch
1238	ärbschliicher
1239	mes
1240	wirklich
1241	gotsname
1242	ufgebot
1243	bichoo
1244	uifgebot
1245	wuchelang
1246	nächt
1247	duregschaffet
1248	bikant
1249	tichtig
1250	iberaal
1251	e***
1252	früsch
1253	fròüechlooschter
1254	frai
1255	fürscht
1256	bürgeschtok
1257	gangen
1258	aafaa
1259	iir
1260	tankbaar
1261	aafänger
1262	militäär
1263	machich
1264	kontozaalig
1265	retuurzaale
1266	de/
1267	ässe
1268	härt
1269	fertig
1270	leerling
1271	maischterprüffig
1272	luzärn
1273	aabigkürs
1274	wind
1275	wätter
1276	schnee
1277	miese
1278	luzäärn
1279	mitchoo
1280	dir
1281	tüet
1282	schuelbildig
1283	sekundaarschuel
1284	pruefsschuel
1285	mindeschtens
1286	miends
1287	pirmaarschuel
1288	müesch
1289	dìch
1290	schäme
1291	leersch
1292	dihaime
1293	hilf
1294	dueder
1295	fròü
1296	daameschniideri
1297	fraije
1298	handarbaitschuel
1299	zvoorderscht
1300	gsässe
1301	wird
1302	mid
1303	sägen
1304	hère
1305	heecheri
1306	miend
1307	uifzelt
1308	zwölf
1309	drize
1310	pungg
1311	schuelbank
1312	off
1313	jajaa
1314	hintere
1315	zhinderscht
1316	devoore
1317	phòüse
1318	kriempach
1319	chenid
1320	wirtschäftli
1321	öppis
1322	trinke
1323	giengs
1324	wiiter
1325	vergässe
1326	gmärkt
1327	gibe
1328	gmerkt
1329	nähär
1330	dehaim
1331	chunsch
1332	allerlai
1333	tuesch
1334	briefe
1335	schriiben
1336	tuescht
1337	ii/
1338	ding
1339	verdanke
1340	uifträäg
1341	machsch
1342	schriibsch
1343	rächne
1344	ainzig
1345	gueti
1346	uifsäz
1347	schrììbe
1348	kaniissi
1349	leerer
1350	apezäller
1351	sch
1352	verbiigloffen
1353	we
1354	druifglängt
1355	zhilf
1356	gfragt
1357	nacher
1358	hanen
1359	iigladen
1360	ame
1361	kafé
1362	leereri
1363	dezue
1364	schniideri
1365	siig
1366	wül
1367	gfraagt
1368	wär
1369	tuet
1370	derhaime
1371	soon
1372	sibe
1373	sus
1374	miinewärffer
1375	iigsezt
1376	näüs
1377	supper
1378	schenii
1379	sch/
1380	schiints
1381	grads
1382	guete
1383	schüz
1384	schiess/
1385	lize/
1386	gschosse
1387	epper
1388	henden
1389	verèèrt
1390	praicht
1391	chaa
1392	waisch
1393	preziisi
1394	troffe
1395	wenn
1396	intressant
1397	messen
1398	kurs
1399	miess
1400	äggstra
1401	had
1402	susch
1403	raizt
1404	mìch
1405	ezt
1406	oberlüütnant
1407	zellit
1408	dru/
1409	/if
1410	hendsem
1411	korporaal
1412	gääre
1413	adjudant
1414	bi/
1415	da/
1416	nime
1417	aha
1418	unterofizier
1419	bekrämst
1420	gfriite
1421	b/
1422	uiszaichnig
1423	soldaat
1424	dernaae
1425	fräüt
1426	schtroo
1427	ligge
1428	zuetailt
1429	uberchoo
1430	maischte
1431	h/
1432	ischem
1433	wüür
1434	intressiere
1435	chriegsveläuf
1436	polittischen
1437	eraignis
1438	mitbichoo
1439	mitbechoo
1440	kainer
1441	poliitik
1442	totaal
1443	liberaale
1444	hättet
1445	mituberchoo
1446	hischtorisch
1447	vera/
1448	verain
1449	rede
1450	verzelle
1451	bizli
1452	euter
1453	plezlich
1454	glòübi
1455	aine
1456	flüeler
1457	tiaater
1458	mitgmacht
1459	koschtüm
1460	schpiler
1461	altem
1462	meglichscht
1463	gchoschtet
1464	ainedriissg
1465	jar
1466	lang
1467	v/
1468	vergäbe
1469	presidänt
1470	tiaatergselschaft
1471	kaiser
1472	joseff
1473	gredt
1474	zanarzt
1475	schon
1476	besser
1477	verzelt
1478	schwarz
1479	mezge
1480	irgendwoo
1481	chalb
1482	gchòüfft
1483	sui
1484	muil
1485	ver/
1486	thaa
1487	ghisse
1488	naachbuire
1489	tüegid
1490	schlachte
1491	derna
1492	goge
1493	anehaa
1494	meebessere
1495	arme
1496	tiifle
1497	schw/
1498	sìch
1499	nachegmacht
1500	amschtaad
1501	nät
1502	under
1503	anderem
1504	schtudänt
1505	anwalt
1506	schtänderaat
1507	koleegi
1508	tèrffen
1509	poschtòüto
1510	wass
1511	esone
1512	sone
1513	buss
1514	taile
1515	glängt
1516	sälbverschtäntlich
1517	richte
1518	unniz
1519	uisggää
1520	usere
1521	usem
1522	gläbt
1523	schom/
1524	doozmal
1525	gmezget
1526	verzeut
1527	händs
1528	alle
1529	wolke
1530	ghiit
1531	hischtoorisch
1532	jè
1533	chund
1534	lose
1535	jungi
1536	schüeler
1537	maingot
1538	chansch
1539	nu
1540	tänke
1541	sigisch
1542	thiaater
1543	duezmal
1544	ziitige
1545	uberhòüpt
1546	mìr
1547	schmaal
1548	ziise
1549	aaschaffe
1550	uislegge
1551	güet
1552	zalt
1553	ubercho
1554	denen
1555	ggä
1556	gänds
1557	zersch
1558	drum
1559	druifglait
1560	liiber
1561	wome
1562	hèrt
1563	vorhär
1564	marsch
1565	musig
1566	ghört
1567	ghert
1568	usbr/
1569	platten
1570	genòü
1571	amigs
1572	naachrichte
1573	gloost
1574	haubs
1575	zit
1576	uralte
1577	chopfhöörer
1578	òu
1579	jeeregot
1580	hinne
1581	voore
1582	sorg
1583	jeeches
1584	läbed
1585	eze
1586	verdunklig
1587	dornhag
1588	hag
1589	truit
1590	schöö
1591	gä/
1592	iinaame
1593	taigg
1594	andersch
1595	chumen
1596	halbizwöfi
1597	dììch
1598	hole
1599	motoorraad
1600	töff
1601	gholt
1602	erliechterig
1603	hailòüffe
1604	hetmer
1605	gfurcht
1606	flüügeralarm
1607	uirlòüb
1608	dusse
1609	maischtens
1610	rekruute
1611	soldaate
1612	rekrutteschüeler
1613	lüütnäntli
1614	abverdienet
1615	umggange
1616	èrès
1617	naher
1618	waarschinli
1619	aggtiifdienscht
1620	nochher
1621	fèrtig
1622	sinds
1623	aktiifdienscht
1624	frischi
1625	rekruitli
1626	merkwirdigerwiis
1627	gchòüft
1628	iiserain
1629	chent
1630	laischte
1631	noch
1632	zässe
1633	si/
1634	goo
1635	früchtechueche
1636	schpiz
1637	aigentlich
1638	durenand
1639	voorigi
1640	änd
1641	werum
1642	wäg
1643	dène
1644	bricht
1645	eben
1646	öppen
1647	lärme
1648	schtärnswuet
1649	momänt
1650	unne
1651	tiitschi
1652	arbaiter
1653	plözlech
1654	iizoge
1655	schwiiz
1656	verlaa
1657	mi/
1658	ch
1659	gschriben
1660	tüütschland
1661	schriinermaischter
1662	mecht
1663	psuechen
1664	gueten
1665	alts
1666	drananne
1667	wissed
1668	t/
1669	toppoliino
1670	driitakter
1671	eerschten
1672	jessesgot
1673	münche
1674	dachau
1675	dacha
1676	zmitag
1677	ggässe
1678	vergetteret
1679	laid
1680	üch
1681	tischtuech
1682	wem
1683	passends
1684	pschtek
1685	esooen
1686	galbe
1687	löffel
1688	gendich
1689	wasmer
1690	konzentrazioonslager
1691	eerlich
1692	ie
1693	inechoo
1694	liiche
1695	verbrent
1696	hööch
1697	bluet
1698	bode
1699	inegluegt
1700	gschtunke
1701	iisem
1702	schwiizer
1703	druif
1704	aneg/
1705	ghänkt
1706	zädel
1707	nüme
1708	waas
1709	defüür
1710	degäge
1711	bäärg
1712	uife
1713	a/
1714	laiterbärg
1715	verscharet
1716	werdid
1717	uisghoben
1718	richtig
1719	bigrabe
1720	gschooret
1721	liichetaili
1722	gm/
1723	robèrt
1724	induschtrii
1725	chriegsmatriaal
1726	defir
1727	nachher
1728	woos
1729	wäägen
1730	uifegheijen
1731	furtfüeren
1732	kain
1733	militäärdienscht
1734	gmach/
1735	o/
1736	schaffen
1737	dehaimen
1738	gaarte
1739	iigmuiret
1740	annere
1741	wand
1742	dasem
1743	niemer
1744	nääm
1745	miirli
1746	drumume
1747	ggaant
1748	sobald
1749	chemed
1750	ussland
1751	dra
1752	bliiben
1753	flüchtling
1754	sie
1755	wiit
1756	tili
1757	grossvatter
1758	bediene
1759	tisch
1760	chlii
1761	üiftaa
1762	verraate
1763	hättid
1764	wärid
1765	fernse
1766	radio
1767	terffe
1768	volch
1769	woraa
1770	faindsender
1771	dörffe
1772	süsch
1773	gfaaren
1774	ussergwönlich
1775	münchen
1776	schtrekene
1777	hüüfen
1778	hüüffen
1779	hüüffe
1780	schut
1781	asche
1782	schtattail
1783	haigfaare
1784	mirs
1785	techi
1786	schtreke
1787	blòüi
1788	mǜuch
1789	gschwelt
1790	härdepfu
1791	magere
1792	chääs
1793	sellemer
1794	aaluege
1795	waansinnig
1796	schnel
1797	erholt
1798	wärchtig
1799	wäggruumt
1800	wolkge
1801	mm/
1802	hailbron
1803	tachau
1804	beed
1805	usinnig
1806	aschträngige
1807	hier
1808	hülle
1809	fülle
1810	hendne
1811	aim
1812	erlòübt
1813	inenää
1814	handwärker
1815	warum
1816	mechtet
1817	gärn
1818	bliibe
1819	waiteren
1820	äusbildung
1821	prüelet
1822	liebschte
1823	maischterschuel
1824	ni/
1825	greesser
1826	pangsioniert
1827	schwiizerischen
1828	alpeklup
1829	chriegsziit
1830	jugentlichen
1831	erläbt
1832	ainer
1833	bodenäbe
1834	mechaanischi
1835	wärkschtat
1836	luftschuz
1837	umchoo
1838	schweschter
1839	kolossaal
1840	glitte
1841	daagsii
1842	psuecht
1843	schwääri
1844	dachäu
1845	nattierli
1846	muisaarm
1847	denne
1848	gschäfter
1849	plünderet
1850	schuld
1851	ainti
1852	inzwische
1853	sächzgi
1854	gsundhaitlich
1855	nimen
1856	uifggää
1857	siini
1858	äben
1859	duren
1860	purscht
1861	poschte
1862	ou
1863	schiifaare
1864	bärgschtiige
1865	chlätterkurss
1866	schträngi
1867	zwei
1868	zmorge
1869	gchränklet
1870	wäret
1871	gno
1872	schtärbe
1873	huisli
1874	uisbuije
1875	inetaa
1876	öfeli
1877	dinne
1878	zentraalhaizig
1879	schträng
1880	mers
1881	abproche
1882	schtraass
1883	vorane
1884	hätteds
1885	voorschrifte
1886	dise
1887	wääg
1888	hemmers
1889	abprochen
1890	ds
1891	trotwaar
1892	sevǜu
1893	land
1894	chene
1895	buije
1896	beschtande
1897	zämepuije
1898	therässli
1899	würd
1900	vorhäär
1901	chäuffe
1902	brait
1903	intressiert
1904	wortkaarg
1905	absiits
1906	ghaim
1907	rekruite
1908	leschèèr
1909	traagisch
1910	ires/
1911	schee
1912	iren
1913	uisgang
1914	dorff
1915	rändiert
1916	generaal
1917	gisõõ
1918	sogenanti
1919	redwüischtrategii
1920	tüütsche
1921	kwaasi
1922	tön/
1923	würdet
1924	pseze
1925	mittelland
1926	uuslifere
1927	armee
1928	ziet
1929	alpefeschtig
1930	wüsst
1931	vilich
1932	eer
1933	härzlich
1934	ds/
1935	ewägg
1936	uisghalte
1937	zinggen
1938	uiseschtächen
1939	leerbueb
1940	edi
1941	elai
1942	grebschten
1943	chindergaarte
1944	abgää
1945	buechserschtraas
1946	theaater
1947	eender
1948	tiaa/
1949	psezt
1950	ainevierzgi
1951	bundesfiir
1952	sächhundertfüfzg
1953	aidgenossenschaft
1954	gfiiret
1955	fraage
1956	hundertfüfzg
1957	sächshundertfüfzg
1958	aidgenossesch/
1959	sächshundertfüf/
1960	ech
1961	aidgenosseschaft
1962	nünzeainevierzg
1963	ninzehundertainevierzg
1964	mager
1965	worden
1966	ghaig
1967	iibezoge
1968	viu
1969	verschtäntnis
1970	genneraal
1971	beliebt
1972	n
1973	emaale
1974	essg/
1975	eggspo
1976	landi
1977	nüünedriissgi
1978	züri
1979	niinedriissg
1980	dötte
1981	chönt
1982	wobii
1983	nöd
1984	öb
1985	gwäält
1986	woorden
1987	underbroche
1988	ersch
1989	gweelt
1990	ahaa
1991	wiitergloffe
1992	vilicht
1993	begägnet
1994	efäng
1995	abghärtet
1996	vǜu
1997	soldaaten
1998	umme
1999	wurd
2000	uifnää
2001	erinere
2002	zänd
2003	gjublet
2004	freelich
2005	anenand
2006	fänschter
2007	grieft
2008	hender
2009	òò
2010	gotsaidank
2011	mal
2012	bätte
2013	tanke
2014	mol
2015	ineggange
2016	schier
2017	normaali
2018	ìchs
2019	ufhuuse
2020	kantoon
2021	scheff
2022	italjäner
2023	bewacht
2024	mäldig
2025	haloo
2026	gfäschtet
2027	hööcheren
2028	nächti
2029	haigeds
2030	aa/
2031	ztrinken
2032	näbeduise
2033	gschlage
2034	soldaater
2035	luschtig
2036	wisse
2037	eppisch
2038	poliitisches
2039	irgendwie
2040	poliitisiert
2041	gschlaaffe
2042	uffhuise
2043	kanton
2044	fraid
2045	ziiten
2046	iigcheert
2047	gliich
2048	gwaltigi
2049	aaschtrengige
2050	pruucht
2051	wììrtschaftlich
2052	usinnigs
2053	pluss
2054	nattürli
2055	puire
2056	fròüe
2057	gade
2058	mälche
2059	chreft
2060	iihänke
2061	anbäuschlacht
2062	früener
2063	toppleti
2064	uurlòüb
2065	òüg
2066	zuetrükt
2067	schteffanstaag
2068	wienacht
2069	wienachtsurlòüb
2070	eersch
2071	welem
2072	ze/
2073	iiggää
2074	iser
2075	rächnig
2076	füüfezwänzigschte
2077	dezämber
2078	kaine
2079	selle
2080	hailigaabig
2081	gschpiert
2082	siiner
2083	telifoniert
2084	ime
2085	komandant
2086	wohi
2087	frage
2088	zämehang
2089	bä/
2090	bäärneroberland
2091	grosmueter
2092	hetene
2093	wienachtsfeerie
2094	klass
2095	groseutere
2096	dùezmal
2097	sini
2098	äne
2099	giboore
2100	mool
2101	gläub
2102	aataa
2103	hetem
2104	nachemege
2105	schlächti
2106	schüze
2107	schiesse
2108	schiibe
2109	dänk
2110	leere
2111	schtreki
2112	zämenää
2113	ziile
2114	verschiessed
2115	muet
2116	also
2117	fangemer
2118	friitig
2119	interwiju
2120	hans
2121	b***
2122	dihäi
2123	bèrn
2124	aafange
2125	irer
2126	phersoon
2127	zwöizwänzgischte
2128	juli
2129	nünzehundertsächsezwänzg
2130	gebore
2131	gemäindswäibu
2132	schpittelabwaart
2133	häisst
2134	gmäindhuus
2135	abwaart
2136	däm
2137	huus
2138	gemäindeverwaaltig
2139	underpraacht
2140	damals
2141	schparkasse
2142	gemäinde
2143	gäldinschtituut
2144	obere
2145	schtok
2146	gfängniszälle
2147	chuurz
2148	betrunkeni
2149	iigliferet
2150	militèèr
2151	verfäälige
2152	infa
2153	inhaftiert
2154	häär
2155	äinnglich
2156	aagseeni
2157	waarschiinlich
2158	dòòrff
2159	au
2160	raat
2161	müese
2162	verträtte
2163	roote
2164	mantel
2165	wäibu
2166	drüüschpizhuet
2167	gmäinderaat
2168	begläitet
2169	chami
2170	erinneren
2171	nünzehùndertnünedriissg
2172	landesusschtellig
2173	dèm
2174	nünzehundertsächsedriissg
2175	bundesbriefarchiif
2176	iigweeit
2177	huusfrau
2178	täilwiiss
2179	zögling
2180	womer
2181	zùnderscht
2182	nämlich
2183	unden
2184	hèrbèèrg
2185	dèrigi
2186	wa
2187	wanderer
2188	chönne
2189	graatis
2190	übernachte
2191	vierteljaar
2192	chènne
2193	übernachten
2194	znachtässe
2195	morgenässen
2196	groossbezüger
2197	läbesmittel
2198	dämentsprächend
2199	chùchi
2200	iigrichtet
2201	zigüüner
2202	äifach
2203	aarbäitschöiji
2204	zoge
2205	genaau
2206	plaan
2207	schtazioon
2208	äinsidle
2209	näächscht
2210	aautdorff
2211	gwanderet
2212	äim
2213	egge
2214	hènd
2215	glägehäit
2216	uusgnüzt
2217	woonwäge
2218	nüüt
2219	käi
2220	feschte
2221	woonsiz
2222	uus
2223	uusprochen
2224	räi
2225	läbesmittelchaarte
2226	dèn
2227	sässhaft
2228	mälde
2229	damits
2230	bezie
2231	häts
2232	ggèè
2233	zig
2234	wüürd
2235	bezäichne
2236	faarendi
2237	umgäbig
2238	häuptsächlich
2239	nèèchi
2240	baadanschtaalt
2241	läuerzersee
2242	säs/
2243	irne
2244	voo
2245	schääri
2246	schliifen
2247	hushalte
2248	schäärene
2249	mässer
2250	schliiffen
2251	voorwand
2252	wäns
2253	ghäisse
2254	käis
2255	dänne
2256	chliises
2257	baze
2258	dènen
2259	ischs
2260	eerschter
2261	linie
2262	möglichscht
2263	huuffe
2264	mönd
2265	schliiffe
2266	sondern
2267	underhalt
2268	tüür
2269	gsäit
2270	koomisch
2271	gfunden
2272	misstrauisch
2273	normaal
2274	zwäi
2275	soorte
2276	iigfl
2277	iigfläischti
2278	gschlächter
2279	graaf
2280	wiiss
2281	gerzner
2282	huuser
2283	betrunke
2284	fridlich
2285	gwaauttäätig
2286	gege
2287	gegenand
2288	gège
2289	polizei
2290	gwüssi
2291	originaal
2292	känt
2293	äigentlich
2294	guets
2295	verhèltnis
2296	probleem
2297	tuldet
2298	nanäi
2299	äuue
2300	täilwiis
2301	unagnääm
2302	uufgfauue
2303	wǜus
2304	laa
2305	betrinke
2306	überaau
2307	schnaps
2308	bättlet
2309	haut
2310	dementschprächend
2311	uusfällig
2312	noo
2313	brüeder
2314	verhüraated
2315	gmèèrkt
2316	driissgerjar
2317	wiirtschaftskriise
2318	vilne
2319	oorte
2320	innerschwiiz
2321	wèniger
2322	aaschtellig
2323	damaals
2324	mitüberchoo
2325	aarbäitsloseziit
2326	kriiseziit
2327	vol
2328	puure
2329	puuredoorff
2330	ländlichi
2331	purebetriibe
2332	mìttelschtand
2333	ver
2334	vüu
2335	handwärkerbetriibe
2336	natüürli
2337	kantoonshäuptoort
2338	biamti
2339	schtüürverwaltig
2340	sekritäären
2341	nochli
2342	ufs
2343	aaute
2344	bundesarchiif
2345	bundesbrief
2346	uufbewaart
2347	nöijer
2348	züglet
2349	wichtig
2350	aauten
2351	äidgenosseschaft
2352	uurschwiiz
2353	iipildet
2354	eräignis
2355	regierigsverträttig
2356	aus
2357	obwool
2358	freske
2359	modeern
2360	iiverschtanden
2361	wäiss
2362	aaschlaag
2363	gäge
2364	schtudänte
2365	kolegi
2366	verun
2367	dulden
2368	modeerni
2369	aart
2370	maaler
2371	danjot
2372	uurnerland
2373	irgendäinisch
2374	plakaat
2375	ganze
2376	ghanget
2377	nìd
2378	grüemt
2379	danijot
2380	druuf
2381	plìbe
2382	äin
2383	gruuss
2384	sapperlèndern
2385	hinter
2386	schtudenten
2387	hèldenhaft
2388	verschekten
2389	fröindschaft
2390	wekten
2391	antwoort
2392	grund
2393	pamfleet
2394	schtudänten
2395	uufghänkt
2396	bini
2397	zääjäärig
2398	bli
2399	umzùùg
2400	auten
2401	archiif
2402	nöijen
2403	duregfürt
2404	heldesaage
2405	winkelried
2406	ggolte
2407	paatriootisch
2408	inschtruiert
2409	wetti
2410	uufkläärt
2411	ales
2412	nattüürli
2413	gschìcht
2414	häuptfa
2415	äis
2416	be
2417	gröössere
2418	fächer
2419	aauti
2420	hèrehüüser
2421	patriizierhüüser
2422	vonreding
2423	vonetlingen
2424	vonwèber
2425	dèrig
2426	chriegszǜǜge
2427	säit
2428	finanziert
2429	innerschwiizer
2430	biischpǜu
2431	gfüült
2432	bäärn
2433	woni
2434	zeerschte
2435	schriften
2436	ka
2437	richt
2438	schööne
2439	saal
2440	aub/
2441	aaschprächsbaar
2442	geböi
2443	polizeigeböide
2444	blakaat
2445	auso
2446	gemäindebürger
2447	kantoonsbürger
2448	bün/
2449	anderer
2450	lèn/
2451	kantoone
2452	äine
2453	müessen
2454	zäigt
2455	ernidrigend
2456	schpeziél
2457	erwääne
2458	bäärne
2459	schtimme
2460	anoniim
2461	schuelhuus
2462	raathuus
2463	ringsume
2464	landaman
2465	portrè
2466	waffe
2467	presentiert
2468	lo
2469	lokaalga
2470	hischtoorisches
2471	anoniims
2472	grabe
2473	katolischkonserwatiif
2474	liberaal
2475	reformiert
2476	katolisch
2477	schpüürbaar
2478	nììd
2479	üüser
2480	äinzige
2481	reformierte
2482	absoluut
2483	käini
2484	naachtäil
2485	erlitten
2486	polittisch
2487	klaar
2488	genante
2489	freisinnige
2490	liiberaali
2491	iigschtuuft
2492	abschpaaltig
2493	chrischtlichsoziaal
2494	èsphee
2495	äifacht
2496	verschwìndend
2497	chräis
2498	wool
2499	pf/
2500	toleriert
2501	jede
2502	diskriminierig
2503	religiöös
2504	poliitisch
2505	jaja
2506	präägt
2507	früemäss
2508	schüelermäss
2509	schpèèter
2510	moorgen
2511	mäss
2512	iifluss
2513	religiositeet
2514	professoore
2515	gäischtliche
2516	schtand
2517	naachträäglich
2518	umgwandlet
2519	kantoonsschuel
2520	wältlichi
2521	gmèrkt
2522	bischpil
2523	mäinder
2524	usgwürkt
2525	jèè
2526	uuskumft
2527	däne
2528	grundsäz
2529	biischpil
2530	nänne
2531	näbenand
2532	uufgwachse
2533	waarschinlich
2534	wäis
2535	figuur
2536	mariaa
2537	äisidlen
2538	voor
2539	sottig
2540	warschinlich
2541	jò
2542	bitgäng
2543	äinisch
2544	gwalfaartet
2545	schtuk
2546	hälfti
2547	dervoo
2548	gloffen
2549	südoschtbaan
2550	bitgang
2551	religiöösi
2552	äinglich
2553	genanti
2554	fluurprozässioon
2555	gedääijen
2556	fèldfrüchte
2557	fèlder
2558	gäischtlichkäit
2559	verschìdeni
2560	schtazioone
2561	gebät
2562	wiiterzoge
2563	paapscht
2564	autoritèèt
2565	fronliichnaamsprozässioon
2566	dorfchräis
2567	verschìdenen
2568	altäär
2569	regierig
2570	uufgmarschiert
2571	verschìdene
2572	veräine
2573	schwinger
2574	irem
2575	faane
2576	veräin
2577	gselleveräin
2578	woner
2579	känid
2580	kolpingveräin
2581	häissts
2582	gründer
2583	karl
2584	adolf
2585	kolping
2586	schuemachergsel
2587	noot
2588	gselle
2589	afe
2590	gschaart
2591	ggründet
2592	sägemer
2593	zwänzg
2594	sekzioone
2595	äigeti
2596	hüüser
2597	wältwiit
2598	häuptsächli
2599	ruum
2600	ööschtriich
2601	unngarn
2602	rumas
2603	mèènie
2604	poole
2605	veträtten
2606	jezt
2607	gesellenveräin
2608	gsellen
2609	familijeveräin
2610	ziil
2611	rächte
2612	chrischt
2613	schtaatsman
2614	traagendi
2615	süüle
2616	uufpout
2617	sekzioon
2618	nüünzehundert
2619	dreijevierzig
2620	chrankekasse
2621	chrankekassen
2622	äggsischtiert
2623	nùmme
2624	männer
2625	jugentlichi
2626	familijechrankekasse
2627	irgendwän
2628	sin/
2629	öp/
2630	drüber
2631	diskutiert
2632	dur
2633	aagschafft
2634	hittlerreede
2635	hittlerfrǜntlich
2636	aapasser
2637	genääu
2638	gwǜsst
2639	umegredt
2640	vorwor
2641	verhaaltener
2642	schpeziélli
2643	iirgendwie
2644	gschäftslüüt
2645	drunder
2646	simpatisante
2647	sümpatisiert
2648	vermuetet
2649	ggüsseret
2650	iigendwän
2651	bevoor
2652	jjòò
2653	devoo
2654	redüi
2655	gfǜu
2656	siigi
2657	wägg
2658	gschǜz
2659	gränze
2660	gwǜssi
2661	gränzkantoone
2662	sicherhäit
2663	gwiegt
2664	redwii
2665	redwi
2666	natüürlich
2667	eerschtens
2668	vììrte
2669	armeeggoor
2670	voorschteer
2671	oberscht
2672	ggoorggomandant
2673	labaar
2674	bigägnet
2675	schuelchind
2676	hotel
2677	rössli
2678	residiert
2679	büro
2680	vììrten
2681	schuelzimmer
2682	beläit
2683	beschüzt
2684	jugendliche
2685	überläit
2686	chènti
2687	passiere
2688	zwäite
2689	septämber
2690	nüünedriissg
2691	möged
2692	dänn
2693	jeder
2694	gmäind
2695	gmäindekanzlei
2696	gguwèèr
2697	töffnet
2698	ggöffnet
2699	ofiziélli
2700	telegram
2701	uuftue
2702	mobiilmachigsplakaat
2703	drin
2704	phersöönlich
2705	lääri
2706	zile
2707	nünzehundertnüünedriissg
2708	iigschriben
2709	alne
2710	öffentliche
2711	pläz
2712	aagschlage
2713	müse
2714	mitggange
2715	uuf
2716	aune
2717	schtäu
2718	geböide
2719	rings
2720	ùme
2721	praktisch
2722	vi/
2723	traagwiiti
2724	veränderet
2725	doorf
2726	plözlich
2727	mane
2728	veränderig
2729	nachhèr
2730	aabäuschlacht
2731	aapflanzen
2732	läuff
2733	vonere
2734	gwǜsse
2735	achte
2736	amne
2737	fäschttaag
2738	fiirtig
2739	vome
2740	eerekompanii
2741	drùm
2742	draa
2743	empfange
2744	archiifschtäge
2745	schtaa
2746	mìteme
2747	trachtemäitli
2748	eerschtes
2749	begrüesse
2750	trit
2751	vorher
2752	üeben
2753	richtigen
2754	häregschtande
2755	nerwöös
2756	chaaut
2757	chrible
2758	weni
2759	gschtanden
2760	begrüesst
2761	nünzenüünedriissg
2762	klassekameraade
2763	beniidet
2764	ghènslet
2765	trachtemäitschi
2766	müntschi
2767	nume
2768	öpper
2769	gisaan
2770	oberfefäälshaber
2771	let
2772	aalte
2773	èètere
2774	vorhäärig
2775	ulrich
2776	wille
2777	chöne
2778	vierze
2779	achze
2780	giisõ
2781	biigmässe
2782	worum
2783	uurschprünglich
2784	tüütschen
2785	hendem
2786	nachegredt
2787	noitraal
2788	nöitraal
2789	wältsche
2790	wämmer
2791	uniform
2792	aaghaa
2793	schliesslich
2794	nöötig
2795	vertäidigung
2796	zämegsezt
2797	magmi
2798	ve
2799	veräidigung
2800	iirukigstaag
2801	zwäiten
2802	freie
2803	fäld
2804	versamlet
2805	tröijeäid
2806	gschwore
2807	erläbnis
2808	zueluege
2809	wäggzogen
2810	underschtänd
2811	schtellige
2812	wäiis
2813	ruggen
2814	abegloffe
2815	wiiteri
2816	miltäär
2817	ghöö/
2818	waffegattig
2819	artillerii
2820	miträijöör
2821	ross
2822	wagen
2823	kanoonen
2824	imposant
2825	miterläbe
2826	bewusst
2827	zumnen
2828	iisaz
2829	aabauschlacht
2830	gredet
2831	bedüütet
2832	puur
2833	landwirtschaftsbetriibe
2834	pflichtangebot
2835	damit
2836	bewältige
2837	familie
2838	usserhalb
2839	landwirtschaftsberäich
2840	schtük
2841	verfüegig
2842	gschtèlt
2843	härdöpfel
2844	pflanze
2845	benǜzt
2846	pflanzt
2847	eerle
2848	rii
2849	iibach
2850	phachten
2851	näbed
2852	schuelmäss
2853	mithälffe
2854	mithälffen
2855	leer
2856	zume
2857	leermäischter
2858	abwächsligswiis
2859	wald
2860	scht/
2861	schtäke
2862	hauen
2863	chäfel
2864	chifel
2865	hinderdorff
2866	chüechlibunker
2867	landesuusschtellig
2868	chüechliwirtschaft
2869	gulte
2870	gchäuft
2871	impout
2872	umpout
2873	militäärunderkumft
2874	nööchi
2875	pflanzland
2876	biz
2877	hed
2878	anschtat
2879	betriib
2880	äi
2881	namitag
2882	landesuusschtelig
2883	hätne
2884	gfale
2885	sovǜu
2886	binenand
2887	underschtuufen
2888	oberschtuufe
2889	zämegsii
2890	duregschlöisst
2891	gidanke
2892	nöi
2893	mäischten
2894	iidruk
2895	dänkmaal
2896	weerhafte
2897	schwäiz
2898	gro
2899	sol
2900	brõõssefiguur
2901	areaal
2902	chittel
2903	aaziet
2904	weerberäitschaft
2905	modäl
2906	eff
2907	bevölkerig
2908	aaf/
2909	chuurzi
2910	gschlosse
2911	patriotische
2912	vermìttlet
2913	übergschlagen
2914	weerberäitschafts
2915	schtaatue
2916	vertäidige
2917	chani
2918	goldäu
2919	aben
2920	brunne
2921	vierwaldschtèttersee
2922	rüütli
2923	beziejigphunkte
2924	hald
2925	euteren
2926	imnen
2927	feerie
2928	biischpiu
2929	miinen
2930	schtat
2931	mìtemen
2932	äggstrazùùg
2933	häregfüert
2934	uusschtellig
2935	gschlöist
2936	duregschlöist
2937	häi
2938	solches
2939	erfaare
2940	groosschtat
2941	näi
2942	rütli
2943	daamals
2944	schuelschpaziergang
2945	natiir
2946	natuurtierphark
2947	alphütten
2948	begränzte
2949	vierwaaldschtättersee
2950	luzèèrn
2951	lùzäärn
2952	schuelziit
2953	lu
2954	pflicht
2955	müesen
2956	aabaue
2957	gèrn
2958	diä
2959	film
2960	schwarze
2961	tanner
2962	täil
2963	dräät
2964	dialäkt
2965	muetataal
2966	see
2967	aabauen
2968	imne
2969	hügelige
2970	gländ
2971	gfüu
2972	gääbi
2973	ertraag
2974	zwunge
2975	chriegswirtschaftsamt
2976	befole
2977	jee
2978	naach
2979	parzällegröössi
2980	vomne
2981	gwüsses
2982	dòò
2983	puuren
2984	reklamiert
2985	dasi
2986	dr
2987	landwirtschaftsbetriib
2988	uufpotte
2989	fräu
2990	eläi
2991	dehäi
2992	puurebetriib
2993	schmeisse
2994	aapflanze
2995	belaschtig
2996	schwaarzhandel
2997	kwälle
2998	schwaarz
2999	bezoge
3000	sowisoo
3001	groossbetriib
3002	huushalt
3003	wiu
3004	unde
3005	unt
3006	ìne
3007	durchwanderer
3008	zuetäilig
3009	numen
3010	normaalbezüger
3011	gemäindehuus
3012	aabou
3013	grööss/
3014	gmäindwöschchuchi
3015	dorf
3016	wöschchùchi
3017	gmäindwöschchùchi
3018	wösch
3019	wö/
3020	erledige
3021	militäärchùchi
3022	iigrichdet
3023	beräits
3024	vorhande
3025	nöötige
3026	häärde
3027	ändi
3028	militäärzit
3029	abgloffe
3030	gwächslet
3031	räschte
3032	hörnli
3033	riis
3034	linse
3035	zùker
3036	verph
3037	verchäuft
3038	kompaniikasse
3039	graa
3040	määrkli
3041	maalziitechaarte
3042	jedes
3043	gupon
3044	underwägs
3045	entschprächend
3046	kwantum
3047	unrue
3048	schtäine
3049	hèrpscht
3050	nünzehundertzwäievierzg
3051	schtäinen
3052	nuufer
3053	sännerei
3054	warsch
3055	schwäinehaltig
3056	müli
3057	zuesäzlich
3058	mènge
3059	umegschlagen
3060	ghandlet
3061	ghäime
3062	aaprangeret
3063	milch
3064	hütte
3065	mìt
3066	bizogen
3067	wägedem
3068	wänds
3069	wönds
3070	rächschaft
3071	zie
3072	liecht
3073	usechoo
3074	nachhäär
3075	füüftuusig
3076	kilo
3077	hirsse
3078	heis
3079	häig
3080	wageladig
3081	verschieben
3082	deklariert
3083	wölle
3084	büecher
3085	kontroliere
3086	tage
3087	polizischt
3088	doorff
3089	abgmacht
3090	söllne
3091	passieri
3092	schtäuffacher
3093	kapelle
3094	zwüsched
3095	glöggli
3096	pure
3097	müemer
3098	aaträtte
3099	sìnd
3100	drüühùndert
3101	iigang
3102	verweert
3103	verprüglet
3104	chrankehuus
3105	iiglìferet
3106	dorfpolizischt
3107	druusmache
3108	verschtèrkig
3109	aagforderet
3110	raache
3111	bürotüür
3112	iitrükt
3113	verschidenes
3114	zwüsche
3115	landwirtschaftstiräkter
3116	underenand
3117	verbindig
3118	uufgnoo
3119	halts
3120	uufmarschiert
3121	ganzen
3122	militäärisch
3123	belageret
3124	gaartehüüsli
3125	näscht
3126	mitme
3127	maschinegweer
3128	versuecht
3129	wiitergriift
3130	uusicherhäit
3131	schtaats
3132	fride
3133	gfäärdet
3134	wöllen
3135	iidämme
3136	uufg
3137	diktiert
3138	fèl
3139	äggsplodiert
3140	fräihäitswille
3141	uusdruk
3142	überal
3143	fremdi
3144	zimlich
3145	verukt
3146	verùkt
3147	nünzehundertvierzeachzää
3148	use
3149	schträik
3150	verhìndere
3151	zürcher
3152	dienschtbüechli
3153	schpeziélle
3154	schtämpful
3155	oordnungsdiinscht
3156	schtämpeli
3157	iitraag
3158	schlìmschten
3159	betriibsinhaber
3160	verhafted
3161	abgfüert
3162	aaräu
3163	hènds
3164	aar
3165	aargäu
3166	abe
3167	gfängnis
3168	wägere
3169	gwüsse
3170	rewolte
3171	wart/
3172	verschtaa
3173	irige
3174	gläube
3175	debii
3176	schtiiu
3177	übertribe
3178	gee
3179	ggè
3180	gfunde
3181	längts
3182	jaaja
3183	äiniges
3184	alkohool
3185	verwärtig
3186	schtäiner
3187	plaaget
3188	kirsch
3189	begriff
3190	chr/
3191	chriesi
3192	bränt
3193	vorer
3194	rigoroos
3195	ùnderbunde
3196	alkohoolschtüür
3197	uufpallet
3198	abschtimme
3199	gägen
3200	voorlaag
3201	wììrd
3202	abgleent
3203	wuchtigem
3204	meer
3205	näinsagerkantoon
3206	sìcher
3207	zämepallet
3208	vögt
3209	telifoonhöö
3210	telifoongschprääch
3211	abghöört
3212	anere
3213	uuszüüg
3214	hittlertum
3215	reed
3216	massiif
3217	bäärner
3218	voorggange
3219	veruurtäilt
3220	gmäindraat
3221	aaträtten
3222	rächeschaft
3223	undernuu
3224	abgguurtäilt
3225	weiss
3226	schtraaffe
3227	püesst
3228	mäischtens
3229	landwirte
3230	wintersèsõ
3231	abverdiene
3232	derbii
3233	dienschtkoleegen
3234	bekanti
3235	veruurtäilte
3236	verwaar
3237	drei
3238	schpittel
3239	schtraaff
3240	absize
3241	gäärn
3242	sölli
3243	scht
3244	äinzelhaft
3245	gruppe
3246	äinzelzälle
3247	jasschaarte
3248	gägesiitig
3249	underhalten
3250	schtazioniert
3251	nachbaaroort
3252	alaarmberäitschaft
3253	zwäituusig
3254	lauerz
3255	rooteturm
3256	goldau
3257	paraade
3258	zäige
3259	nèè
3260	verschtekte
3261	uufgfallen
3262	refolte
3263	wääreds
3264	heeted
3265	umschtänd
3266	äigene
3267	schüüssen
3268	schiessen
3269	präsentiere
3270	bürgerchrieg
3271	innert
3272	chuurzer
3273	romõõ
3274	friiburgische
3275	äänlichs
3276	uufschtand
3277	gweert
3278	milchkontigäntierig
3279	dezuechoo
3280	gschüüret
3281	züü
3282	soldaatezwibak
3283	bättle
3284	fremde
3285	jaajaa
3286	komissioon
3287	gangmer
3288	nussgipfu
3289	pier
3290	gömmer
3291	komissioone
3292	sigarette
3293	chäuffen
3294	füfi
3295	zääni
3296	mached
3297	nääi
3298	aaschprächpartner
3299	ùs
3300	luuter
3301	gwunder
3302	nachegschtrìche
3303	amnen
3304	biwakiert
3305	höiballen
3306	sak
3307	höi
3308	chüngel
3309	mitverfolgt
3310	schtaalingraad
3311	naä
3312	gröss
3313	èutere
3314	mäischte
3315	wemer
3316	abschtelle
3317	zuechetaa
3318	damìt
3319	bild
3320	verfolgt
3321	innerschw/
3322	r
3323	abnäigig
3324	volk
3325	jude
3326	schpra/
3327	tisskutiert
3328	pfarer
3329	ge/
3330	gèè
3331	häiland
3332	chrüüz
3333	hm
3334	mìtüberchoo
3335	wèrded
3336	welen
3337	theema
3338	natü
3339	uusswäärts
3340	immers
3341	nööcher
3342	redwüi
3343	gsch
3344	aaben
3345	äng
3346	änglische
3347	bomber
3348	gfloge
3349	gothard
3350	gothardlini
3351	mäiland
3352	turiin
3353	lascht
3354	abglade
3355	mitternacht
3356	gfolge
3357	flüügeralaarm
3358	gschpǜut
3359	fotto
3360	plas
3361	plastik
3362	schtoffschtoren
3363	abezie
3364	verchèèr
3365	helblauem
3366	verdunkligslampe
3367	vercheer
3368	äuto
3369	buebe
3370	hinde
3371	büchsen
3372	aapunde
3373	kläpperet
3374	dethäär
3375	wiitem
3376	äutoo
3377	verdunklet
3378	unhäimlich
3379	tunkel
3380	gwalt
3381	kriminaliteet
3382	lüt
3383	basel
3384	gflüchtet
3385	wils
3386	autoo
3387	zǜglet
3388	usslandschwiizer
3389	verwanti
3390	realisiert
3391	bedroot
3392	fabrike
3393	gliferet
3394	tütschland
3395	chräisen
3396	maschinefabrik
3397	elsner
3398	fiktorinoggs
3399	bajonet
3400	u
3401	armeemässer
3402	elsener
3403	schuelkoleeg
3404	jezig
3405	jezige
3406	patroone
3407	eduaard
3408	ängländer
3409	italjener
3410	wèèrdet
3411	hmm
3412	nèe
3413	verfolgige
3414	komunischte
3415	naazis
3416	konzentrazioonslaager
3417	rìchtig
3418	g/eh/
3419	käntnis
3420	krischtalnacht
3421	judezäntrene
3422	vernichtet
3423	iizùùg
3424	ööschteriich
3425	prutaals
3426	reschiim
3427	une
3428	übernächtler
3429	handwärkspurschte
3430	mag
3431	bräite
3432	hose
3433	huet
3434	hemer
3435	machder
3436	äiglich
3437	öijem
3438	gs
3439	chopf
3440	ach
3441	got
3442	man
3443	haaben
3444	etwas
3445	dummes
3446	gemacht
3447	schpaat
3448	überzüügte
3449	naazi
3450	gägetäil
3451	schluss
3452	miterläbt
3453	plöz
3454	nünzehundertfüfevierzg
3455	psundere
3456	ff/
3457	nüünti
3458	mäi
3459	füft
3460	nünte
3461	abschlùsstaag
3462	minner
3463	leerabschlùssprüefig
3464	resultaat
3465	entgägegnoo
3466	zugliich
3467	glogge
3468	algemäini
3469	wetted
3470	pruef
3471	aktuel
3472	razionierig
3473	uufghobe
3474	chriegserch/
3475	chriegsendi
3476	razionierg
3477	beschtanden
3478	ganzes
3479	pündäli
3480	razionierigschaarte
3481	schuechaarte
3482	säiffechaarte
3483	iimachzukerchaarte
3484	groosshuushaltige
3485	schnäl
3486	fraag
3487	gschtöört
3488	fraueschtimrächt
3489	nache
3490	obwol
3491	eerschti
3492	nazionaalraati
3493	brunschi
3494	il
3495	uufgleent
3496	gar
3497	mösed
3498	mìtmìschle
3499	tränt
3500	politik
3501	fraue
3502	sage
3503	öffentlichi
3504	mösd
3505	mìtmischle
3506	reschtorand
3507	kafi
3508	asoo
3509	wäisi
3510	assi
3511	sovili
3512	zruggerinnere
3513	wènigen
3514	uusflǜǜg
3515	raame
3516	suntigsuusflùùg
3517	brunnen
3518	verwantepsuech
3519	feerieräis
3520	obenin
3521	gfangni
3522	lengeri
3523	wämer
3524	chömed
3525	wältchrieg
3526	underschidlichi
3527	mäinige
3528	ufenand
3529	praled
3530	gseend
3531	nèmed
3532	nìm
3533	gfül
3534	aagluegt
3535	söl
3536	la
3537	entschäid
3538	äint
3539	walfaarte
3540	zämechoo
3541	aachriide
3542	entschäidig
3543	findet
3544	schlusschtrich
3545	wies
3546	grüüblen
3547	mäine
3548	mös
3549	änderen
3550	mäin
3551	näächschti
3552	generazioon
3553	hüttigen
3554	söllen
3555	irgendöppis
3556	wänd
3557	sège
3558	nanig
3559	drufchoo
3560	äigentli
3561	has
3562	zimli
3563	waser
3564	beantwoorte
3565	beräinige
3566	erwaarted
3567	schpanend
3568	soziaali
3569	füürsoorg
3570	beschäiden
3571	uuschoo
3572	häischike
3573	entschèdigung
3574	uusgliich
3575	beschäide
3576	erwèrbsersaz
3577	chammi
3578	wis
3579	ahaväu
3580	ècht
3581	träit
3582	wèrde
3583	uufgwachsen
3584	underschtǜzt
3585	dss
3586	un
3587	finaziél
3588	voorschtelle
3589	hätti
3590	pããsioonskasse
3591	obwools
3592	duremüend
3593	hüttiger
3594	chessäli
3595	nacheggangen
3596	suppe
3597	ggaggo
3598	suppenanschtaut
3599	schüe
3600	chr
3601	winterziit
3602	empfäärnt
3603	suppenanschtalt
3604	suppen
3605	rendiert
3606	sùppe
3607	grösseren
3608	usmaass
3609	abggää
3610	beschäides
3611	entgält
3612	wìnter
3613	holen
3614	äifacher
3615	jeemaal
3616	pulé
3617	puli
3618	miinner
3619	jugend
3620	ässenskultuur
3621	fläisch
3622	schwinigs
3623	chalbs
3624	chue
3625	nämeder
3626	zlieb
3627	abgnoo
3628	fläischloose
3629	täge
3630	rat/
3631	razioniert
3632	emaal
3633	grössere
3634	hörnerschlitte
3635	chìschte
3636	zumne
3637	tän
3638	halbi
3639	sö̀i
3640	sou
3641	mitgnoo
3642	chämi
3643	hänke
3644	röüke
3645	poliitiker
3646	beamti
3647	tääg
3648	umgange
3649	sèlle
3650	schoggi
3651	halbs
3652	fǜfzg
3653	gram
3654	putter
3655	pfund
3656	nachdäm
3657	verzèlle
3658	beamte
3659	gebiet
3660	landschade
3661	chène
3662	chènnen
3663	biguetachte
3664	aangemässen
3665	ers
3666	zw
3667	zwäit
3668	allen
3669	alpen
3670	uufe
3671	wènigschtens
3672	läuffe
3673	äutofaaren
3674	tschip
3675	zuer
3676	bimne
3677	verbiichoo
3678	chèmed
3679	iner
3680	tummerwiis
3681	gross
3682	beachtig
3683	gschänkt
3684	fläischloos
3685	fla
3686	fläi
3687	fäischloos
3688	hätted
3689	bärner
3690	sele
3691	hèresize
3692	puurewiirtschaft
3693	puuregaschtschtùùbe
3694	schokiert
3695	überchunt
3696	losid
3697	waker
3698	zuephakt
3699	tège
3700	zuechesìzen
3701	regle
3702	ghalte
3703	näinäi
3704	tank
3705	hèrzlich
3706	fürs
3707	gschprö̀ö̀ch
3708	bitte
3709	gschee
3710	müesstemer
3711	äinersiits
3712	müesst
3713	schtums
3714	sekunden
3715	aalueget
3716	èèr
3717	kameraa
3718	laat
3719	tiräkt
3720	lueged
3721	brülle
3722	schpieglet
3723	druf
3724	nofämber
3725	kilofüfhùndertgram
3726	zuker
3727	sibehùndertfǜfzg
3728	täiggwaare
3729	zwäihùnderfǜfzg
3730	hülsefrücht
3731	sììbehùndertfǜfzg
3732	hafer
3733	gèèrschteprodukt
3734	chaarten
3735	mèèrz
3736	nünzehundertachtevierzg
3737	achtevierzg
3738	butter
3739	mìuch
3740	groosszügiger
3741	hùndert
3742	litter
3743	haubi
3744	brootchaarte
3745	schpeziélbezuug
3746	tèggstiilchaarte
3747	blindi
3748	gupoon
3749	nèèch/
3750	iilööse
3751	ofiziél
3752	chraft
3753	trätte
3754	kompliziert
3755	verschidene
3756	demit
3757	abrächne
3758	nachhèèr
3759	bogen
3760	uufchlèbe
3761	zwäihùndertfüfzg
3762	flääisch
3763	füüfhundert
3764	entschprochen
3765	kilopriis
3766	läde
3767	uusggää
3768	ooni
3769	leschèèrer
3770	dank
3771	asmer
3772	groosshuushalt
3773	vermeert
3774	schnèl
3775	gupõõ
3776	filme
3777	ob
3778	namal
3779	chönti
3780	kha
3781	uughènkt
3782	mobilisazioon
3783	khöne
3784	söli
3785	uufschtaa
3786	viläicht
3787	wönd
3788	eerschmaal
3789	bef
3790	befääl
3791	chriegsmobiilmachig
3792	uusgrüeft
3793	ufmache
3794	schuelhüüser
3795	blakaatushèngischtellen
3796	debiigsii
3797	anemache
3798	umlegende
3799	wisoo
3800	psiz
3801	wènige
3802	originaalblakaat
3803	wääis
3804	deponiert
3805	prifaatpsiz
3806	säinzige
3807	uufphalte
3808	mèrssi
3809	bitté
3810	lenger
3811	februaar
3812	april
3813	ghööris
3814	ghööreder
3815	jo
3816	sowiso
3817	läbesmittucharte
3818	äsoo
3819	än
3820	eigeti
3821	abgschtelt
3822	giz
3823	tönt
3824	märli
3825	buure
3826	id
3827	chlöschter
3828	chärä
3829	voll
3830	anken
3831	eier
3832	ezetera
3833	zins
3834	abgliferet
3835	sachen
3836	vill
3837	schwarzhandu
3838	tribä
3839	wordä
3840	nenei
3841	hei
3842	nüt
3843	hööchers
3844	nööd
3845	nei
3846	dini
3847	eutärä
3848	gäu
3849	zimmerma
3850	ggsi
3851	muäter
3852	dihei
3853	wemmä
3854	isä/
3855	idä
3856	vonroll
3857	hetär
3858	neinei
3859	armä
3860	buäb
3861	fabrikaarbäiter
3862	schtaalmagaziin
3863	wiä
3864	schtalmagazin
3865	ischer
3866	wèèrchzüüguusgaab
3867	alls
3868	verantwortlich
3869	värzeumers
3870	wärchzüüguusgaab
3871	früäner
3872	ufm
3873	ussä
3874	armi
3875	ggsii
3876	telefoon
3877	verantwoortlich
3878	vooraarbäiter
3879	irgendsoo
3880	öö
3881	vonrol
3882	freisinnigebetrììb
3883	katolischkonserfatii
3884	entschuldigung
3885	katolischkonserfatiif
3886	rolle
3887	vorwärts
3888	kan
3889	soloturn
3890	mhm
3891	innerschwiz
3892	kultur
3893	religiös
3894	politisch
3895	rollä
3896	gschpillt
3897	schpezielli