lemma_id	lemma
1	können
2	sie
3	ihre
4	jugendzeit
5	beschreiben
6	ja
7	ich
8	wann
9	dass
10	geboren
11	bin
12	
13	es
14	am
15	sechsundzwanzigsten
16	januar
17	neunzehnhundertzwölf
18	und
19	zwar
20	in
21	wolfenschiessen
22	mein
23	vater
24	meine
25	mutter
26	sind
27	wolfenschiesser
28	bürger
29	gewesen
30	dann
31	mit
32	fünf
33	jahren
34	wir
35	nach
36	stans
37	gekommen
38	da
39	die
40	schule
41	sechs
42	jahre
43	hat
44	man
45	müssen
46	das
47	bündelchen
48	packen
49	sein
50	brot
51	verdienen
52	ist
53	zehnten
54	kind
55	gestorben
56	fünfzehn
57	jährig
58	wo
59	der
60	den
61	haushalt
62	aufgelöst
63	alle
64	kleinen
65	geschwister
66	zu
67	verwandten
68	zuerst
69	bei
70	meiner
71	sterbebett
72	weil
73	gerade
74	schon
75	in einer
76	stelle
77	hebamme
78	berichtet
79	schwer
80	muss
81	sterben
82	zwei
83	wochen
84	geburt
85	nachher
86	spital
87	habe
88	versprechen
89	e
90	kein
91	ins
92	waisenhaus
93	tuen
94	zusammenstehen
95	dem
96	helfen
97	für
98	kinder
99	zahlen
100	haben
101	versprochen
102	damals
103	fünfte
104	buben
105	danach
106	mädchen
107	wieder
108	ein
109	bub
110	gut
111	nicht
112	mehr
113	heim
114	einfach
115	aus
116	gan
117	heimgegeben
118	was
119	lohn
120	gehabt
121	zehn
122	franken
123	im
124	monat
125	kost
126	schlafen
127	meistersleute
128	dazumal
129	gegeben
130	drei
131	vier
132	noch
133	kostgeld
134	gezahlt
135	so
136	zeit
137	klein
138	weniger
139	geworden
140	auch
141	eine
142	andere
143	annehmen
144	er
145	auf einer
146	säge
147	geschafft
148	konnte
149	logis
150	seine
151	familie
152	alles
153	auseinandergekommen
154	tante
155	glaube
156	ein klein
157	organisiert
158	auf
159	fälle
160	abend
161	fort
162	sehr
163	schöne
164	sachen
165	gebracht
166	von
167	ihrer
168	mitgenommen
169	alte
170	komoden
171	schränkchen
172	tracht
173	getragen
174	achtzehnhundertsiebenundsiebzig
175	halt
176	viel
177	verloren
178	gegangen
179	gar
180	wissen
181	wo es
182	hin
183	neukirch
184	bei einem
185	grossen
186	bauern
187	als
188	melker
189	zuhause
190	bauernbub
191	bis
192	zwanzig
193	meinem
194	nie
195	einen
196	rappen
197	gesehen
198	stellen
199	haushaltstellen
200	also
201	gleich
202	jemand
203	weiss
204	wer
205	gesagt
206	solle
207	neuägeri
208	gehen
209	dort
210	sei
211	spinnerei
212	könne
213	schaffen
214	mädchenheim
215	von einer
216	klosterfrau
217	geleitet
218	essen
219	sagt
220	doch
221	herrlich
222	für ein
223	kummer
224	hätte
225	dürfen
226	fabrik
227	achtzehn
228	nehmen
229	dich
230	jetzt
231	aber
232	du
233	musst
234	sonntag
235	christenlehre
236	darfst
237	anmelden
238	sonst
239	merken
240	eben
241	jung
242	bist
243	mir
244	hat es
245	gefallen
246	machen
247	über
248	jüngste
249	wischen
250	dreck
251	einest
252	zum
253	direktor
254	kann
255	möchte
256	arbeit
257	etwas
258	bringe
259	müsse
260	minderjährige
261	an
262	freude
263	gelugt
264	maschine
265	mit einer
266	älteren
267	frauen
268	mich
269	wie
270	mütter
271	nachhingenommen
272	schön
273	verdient
274	glücklich
275	bleib
276	allmal
277	habe ich
278	bleibe
279	jahr
280	allweg
281	wenn man
282	bleibt
283	schlechter
284	charakter
285	wenigste
286	das man
287	sei es
288	oder
289	schlecht
290	haushaltung
291	gärtnerei
292	littau
293	zuletzt
294	bäckerei
295	monate
296	alt
297	geheiratet
298	haben wir
299	unsere
300	versorgt
301	etwa
302	genommen
303	ferien
304	geblieben
305	meinen
306	mann
307	gelernt
308	kennen
309	rozloch
310	schreinerei
311	roz
312	siebzehn
313	dreissig
314	zweiundzwanzig
315	tu
316	heiraten
317	sind wir
318	an einem
319	ort
320	daheim
321	sagen
322	heute
323	wenn
324	uns
325	kommen
326	schwester
327	ausgewandert
328	amerika
329	australien
330	denen
331	beiden
332	heimgekommen
333	nur
334	jünger
335	gestern
336	undachtzig
337	immer
338	kontakt
339	trotz
340	allem
341	zusammenhalten
342	einander
343	jüngster
344	bruder
345	achtjährig
346	fünfzig
347	zehnte
348	müsste
349	nicht mehr
350	rekrutenschule
351	hat das
352	geld
353	besuchen
354	der ist
355	später
356	weggis
357	tannenberg
358	onkel
359	knecht
360	schwinget
361	söhne
362	komm
363	kannst
364	mit uns
365	aufgesucht
366	morgen
367	sieben
368	zur
369	kirche
370	gedacht
371	das ist
372	einer
373	ganz
374	weissblonde
375	haare
376	jüngsten
377	heraus
378	viele
379	blonde
380	hinter
381	her
382	wo wir
383	haus
384	inhin
385	nachhingekommen
386	geläutet
387	gell
388	fast
389	wirklich
390	verteilt
391	körperkontakt
392	verheiratet
393	gespart
394	einmal
395	wollen
396	geschrieben
397	zahlen euch
398	reise
399	wenn ihr
400	kommt
401	lugen
402	wie wir es
403	urner
404	grosse
405	farm
406	sich
407	hochgearbeitet
408	anderen
409	mit einem
410	motel
411	miteinander
412	geführt
413	schenkelhals
414	gebrochen
415	geht ihr
416	ordentlich
417	schwestern
418	welchen
419	beide
420	muss ich
421	fünfundfünfzig
422	gleichen
423	welches
424	vor
425	sechsundvierzig
426	krieg
427	fall
428	kleine
429	keine
430	engen
431	jungen
432	diese
433	tochter
434	eltern
435	mou
436	welt
437	gross
438	erste
439	mal
440	durchhin
441	jesses
442	maria
443	erlebe
444	ob
445	existiert
446	unterägeri
447	menzigen
448	gekocht
449	in einem
450	internat
451	spazieren
452	zweien
453	hoch
454	mh
455	wäre
456	lieber
457	ergeben
458	genau
459	ware
460	watteform
461	auf eine
462	spule
463	worden
464	kleinere
465	de
466	fadenschlag
467	maschinen
468	gelaufen
469	glück
470	recht
471	lange
472	arme
473	um
474	umhin
475	probiert
476	fäden
477	ab gewesen
478	anzusetzen
479	finger
480	an eine
481	walze
482	setzen
483	gekonnt
484	hast
485	ausrichten
486	ansetzen
487	stuhl
488	still
489	gestanden
490	dicke
491	kurzarmig
492	seite
493	kannst mir
494	durch
495	anhingekommen
496	cirka
497	achtzig
498	neunzig
499	abliefern
500	denn
501	leistungsabhängiger
502	akkord
503	aufgeschrieben
504	wie viele
505	stunden
506	für eine
507	leistung
508	aufseher
509	viermal
510	vorbei
511	macht
512	mühe
513	natürlich
514	paar
515	fränklein
516	sparen
517	acht
518	ausland
519	wie es
520	ä
521	früher
522	löhne
523	hafner
524	vermögen
525	absolut
526	nichts
527	jesses gott
528	allernötigste
529	feierabend
530	meister
531	stunde
532	arbeiter
533	regierungsrat
534	so viel
535	vorarbeiter
536	gespielt
537	schreiner
538	gelehrt
539	lehre
540	ihr
541	anno
542	vierunddreissig
543	sechsundreissig
544	dreijährig
545	gewusst
546	gefasst
547	wenn es
548	gibt
549	krisenjahr
550	wenig
551	anders
552	mi
553	tornister
554	parat
555	kabut
556	aufgebunden
557	ersten
558	tag
559	mobilmachung
560	einheit
561	bataillon
562	nidwaldner
563	beim
564	landwehrbataillons
565	hundert
566	hundertacht
567	hundertsiebenundvierzig
568	landwehrbataillon
569	gegen
570	vierzig
571	vierer jahrgang
572	fünfunddreissig
573	eines
574	morgens
575	gehört
576	marschmusik
577	lauf
578	radio
579	marschplatte
580	alten
581	tell
582	geheissen
583	sehe
584	kaufen
585	aufgetan
586	gefällt
587	sieht
588	punkt
589	zwölf
590	sendung
591	schweizerische
592	bundesrat
593	bekannt
594	firma
595	buochs
596	innenausbau
597	gehe
598	nachmittag
599	werkzeug
600	zusammenpacken
601	wenigstens
602	nötigste
603	gemacht
604	urlaub
605	weiter
606	geht
607	anderer
608	militär
609	ziemlich
610	sicher
611	buechsig
612	herr
613	doktor
614	odermatt
615	innen
616	ausbau
617	seinen
618	geschäft
619	eingerückt
620	mache
621	neben
622	letzte
623	feldweibel
624	einrücken
625	getan
626	fremde
627	leute
628	geflickt
629	gelismet
630	ganze
631	röcklein
632	sogar
633	blüslein
634	zeug
635	putzen
636	froh
637	wil
638	aussen
639	kaserne
640	hüttlein
641	kiosk
642	besorgst
643	zu mittag
644	sollte
645	mittag
646	herhin
647	vom
648	elf
649	eins
650	mitnehmen
651	velo
652	halb sechs
653	darinnen
654	zu nacht
655	werden
656	offen
657	bäcker
658	bringt
659	laufend
660	kuchen
661	runde
662	bleche
663	apfelkuchen
664	zwetschgenkuchen
665	sämtliche
666	militärartikel
667	karten
668	militärkarten
669	putzstöcke
670	militärsäcke
671	brotsäcke
672	süssigkeiten
673	schokolade
674	engelbergerstrasse
675	gewohnt
676	wohnung
677	dreizimmerwohnung
678	älter
679	weder
680	unser
681	zu ihm
682	haben sie
683	köchin
684	hat ihn
685	bett
686	herrschaft
687	dorfplatz
688	gelost
689	schläft
690	denken
691	sorgen
692	echt
693	läuft
694	umeinander
695	dunkeln
696	angst
697	anfangig
698	weitergegangen
699	zeitung
700	ausgeschrieben
701	zu wenig
702	unterkünfte
703	unteroffiziere
704	irgend
705	voriges
706	dienst
707	neujahr
708	entlassen
709	hundertfünfundvierzig
710	territorialbataillon
711	altersmässig
712	umgeteilt
713	neunzehnvierzig
714	gemeldet
715	anbiete
716	schlafzimmer
717	eheschlafzimmer
718	vermietet
719	käme
720	pro
721	nacht
722	zurückgeschrieben
723	seinem
724	basler
725	umbetten
726	zimmer
727	dritten
728	couch
729	richtiges
730	kinderbett
731	grosses
732	kinderbettlein
733	übergekommen
734	gang
735	unteroffizier
736	unfall
737	fallschirm
738	abgesprungen
739	fuss
740	verletzt
741	entbehren
742	könnten
743	nutzen
744	könnt es
745	will
746	sold
747	gegönnt
748	heimbringen
749	leben
750	lebensmittelkarten
751	anken
752	gebraucht
753	kochen
754	ai
755	metzger
756	metzgerei
757	wirtschaft
758	hochbetrieb
759	ihnen
760	gläser
761	spülen
762	habe ihnen
763	metzgerwäsche
764	ausgeholfen
765	befreundet
766	schönes
767	stücklein
768	fleisch
769	dass man
770	studieren
771	nein
772	rosmarie
773	irene
774	zweiundvierzig
775	vierundvierzig
776	während
777	einquartiert
778	fourier
779	nette
780	schlüssel
781	aussen aufhin
782	häuslein
783	steht
784	stiege
785	rechts
786	mängist
787	früh
788	gewaschen
789	küche
790	niener
791	bad
792	dusche
793	wc
794	tröglein
795	kalt
796	warm
797	wasser
798	a
799	plumps
800	klosett
801	anderes
802	zufrieden
803	jedem
804	tüchlein
805	anhingehängt
806	betten
807	anfang
808	tue
809	gebettet
810	ganzen
811	kaum
812	schuhe
813	selber
814	geputzt
815	bund
816	zugeschickt
817	weiss ich
818	zimmergeld
819	erinnern
820	an den
821	mai
822	hitler
823	frankreich
824	überfallen
825	strube
826	seiner
827	wohin
828	müssen wir
829	bräntschilig
830	he
831	wo man
832	neuenkirch
833	schlimm
834	bereitstellung
835	auto
836	unteroffizieren
837	nahe
838	schulhaus
839	komme
840	dir
841	klopfen
842	jalousie
843	zusammen
844	geklopft
845	passiert
846	autos
847	engelberg
848	gefahren
849	blumenstöcke
850	blumenkistlein
851	mögliche
852	oben
853	retten
854	blumenstöcken
855	aufladen
856	wacht
857	stall
858	seien
859	männer
860	gebägget
861	gibt es
862	klaus
863	hand
864	offiziere
865	deutsche
866	behaupten
867	fernsehen
868	wahrheit
869	wahr
870	verschont
871	wenn wir
872	enge
873	engpässe
874	hart
875	ihren
876	unleidig
877	geflucht
878	deutsch
879	huren
880	wüstes
881	wort
882	wortschatz
883	gemault
884	gottes
885	namen
886	angefangen
887	geschäften
888	gefühl
889	bessere
890	zeiten
891	reichen
892	aushin
893	haben es
894	schränken
895	bank
896	investieren
897	tun
898	geringer
899	geht es
900	tun wir
901	anfangen
902	werkstatt
903	daa
904	wagner
905	franz
906	wo er
907	tätest
908	verlehnen
909	übernehmen
910	käuflich
911	nehme
912	ich sie
913	uralt
914	transmissionsriemen
915	riemen
916	wegnehmen
917	bankwerkstatt
918	ohne
919	heizung
920	gemietet
921	heizen
922	spüre
923	cousin
924	bern
925	lediger
926	oberzoll
927	direktion
928	höheres
929	los
930	eduard
931	tüchtiger
932	willst
933	selbstständig
934	sigfried
935	holz
936	ihm
937	sechstausend
938	hat ihm es
939	zu einem
940	bankzins
941	verzinst
942	keinen
943	zins
944	umhingeben
945	gewissen
946	stolz
947	schwiegervater
948	zurück
949	geben
950	siehst
951	erbschleicher
952	man es
953	gottesnamen
954	aufgebote
955	bekommen
956	aufgebot
957	wochenlang
958	nächte
959	durchhingeschafft
960	firmen
961	tüchtig
962	überall
963	geh
964	e***
965	frisch
966	frauenkloster
967	frei
968	fürst
969	bürgenstock
970	habt
971	dankbar
972	seid
973	anfänger
974	mache euch
975	kontozahlung
976	retour zahlen
977	fertig
978	lehrling
979	meisterprüfung
980	abende
981	luzern
982	abendkurse
983	wind
984	wetter
985	schnee
986	lehrlinge
987	mitkommen
988	tut
989	schulbildung
990	deren
991	sekundarschule
992	berufsschule
993	mindestens
994	müssen sie
995	primarschule
996	schämen
997	lehrst
998	helfe
999	tue dir
1000	frau
1001	damenschneiderin
1002	freien
1003	handarbeitsschule
1004	zu vorderst
1005	gesessen
1006	werde
1007	herren
1008	höhere
1009	aufgezählt
1010	dreizehn
1011	schuh
1012	bungg
1013	schulbank
1014	jaja
1015	hinterhin
1016	zuhinterst
1017	da vorne
1018	pause
1019	krienbach
1020	wirtschäftlein
1021	trinken
1022	ginge es
1023	vergessen
1024	gemerkt
1025	gebe
1026	kommst
1027	allerlei
1028	tust
1029	briefe
1030	schreiben
1031	ding
1032	verdanken
1033	aufträge
1034	machst
1035	schreibst
1036	rechnen
1037	einzig
1038	gute
1039	aufsätze
1040	canisius
1041	älterer
1042	lehrer
1043	appenzeller
1044	vorbeigelaufen
1045	daraufgelangt
1046	zu hilfe
1047	gefragt
1048	habe ihn
1049	eingeladen
1050	kaffee
1051	lehrerin
1052	dazu
1053	schneiderin
1054	sohn
1055	minenwerfer
1056	eingesetzt
1057	neues
1058	super
1059	genie
1060	scheint es
1061	guter
1062	schütze
1063	geschossen
1064	etwer
1065	haben ihn
1066	verehrt
1067	preicht
1068	weisst
1069	präzise
1070	getroffen
1071	wenn sie
1072	interessant
1073	kurs
1074	extra
1075	reizt
1076	oberleutnant
1077	zählen
1078	haben sie ihm
1079	korporal
1080	gern
1081	adjutant
1082	aha
1083	bekrämst
1084	gefreiter
1085	auszeichnung
1086	guten
1087	soldaten
1088	einzige
1089	freut
1090	stroh
1091	liegen
1092	zugeteilt
1093	meiste
1094	ist ihm
1095	würde
1096	interessieren
1097	kriegsverlauf
1098	politischen
1099	ereignisse
1100	mitbekommen
1101	keiner
1102	politik
1103	total
1104	liberaler
1105	hätten
1106	mitübergekommen
1107	hischtorisch
1108	verein
1109	reden
1110	verzählen
1111	bisslein
1112	plötzlich
1113	flühler
1114	theater
1115	mitgemacht
1116	kostüme
1117	spieler
1118	altem
1119	möglichst
1120	gekostet
1121	einunddreissig
1122	lang
1123	vergebens
1124	präsident
1125	theatergesellschaft
1126	kaiser
1127	joseph
1128	geredet
1129	zahnarzt
1130	besser
1131	verzählt
1132	schwarz
1133	metzgen
1134	irgendwo
1135	kalb
1136	gekauft
1137	sau
1138	maul
1139	tan
1140	ghisse
1141	nachbarn
1142	schlachten
1143	anhinhaben
1144	mehrbesseren
1145	armen
1146	teufel
1147	nachgemacht
1148	amstad
1149	nett
1150	unter
1151	anderem
1152	student
1153	anwalt
1154	glaube ich
1155	ständerat
1156	kollegi
1157	postauto
1158	so ein
1159	bus
1160	teilen
1161	gelangt
1162	selbstverständlich
1163	richten
1164	unnütz
1165	ausgegeben
1166	aus einer
1167	aus dem
1168	gelebt
1169	gemetzget
1170	wird
1171	allen
1172	wolken
1173	geheit
1174	historischen
1175	losen
1176	junge
1177	schüler
1178	mein gott
1179	seist
1180	zeitungen
1181	überhaupt
1182	schmal
1183	zinsen
1184	anschaffen
1185	aushinlegen
1186	sie es
1187	schreinern
1188	geben es
1189	darum
1190	daraufgelegt
1191	liber
1192	vorher
1193	marsch
1194	musik
1195	ais
1196	platte
1197	nachrichten
1198	halbes
1199	uralter
1200	kopfhörern
1201	kopfhörer
1202	òu
1203	hinten
1204	vorne
1205	sorge
1206	verdunkelung
1207	dornenhag
1208	hag
1209	traute
1210	einnahmen
1211	teig
1212	halb zwölf
1213	holen
1214	motorrad
1215	töff
1216	geholt
1217	erleichterung
1218	heimlaufen
1219	hat mir
1220	gefürchtet
1221	tage
1222	fliegeralarm
1223	dusse
1224	meistens
1225	rekruten
1226	rekrutenschüler
1227	leutnäntlein
1228	abverdient
1229	umgegangen
1230	rs
1231	wahrscheinlich
1232	aktivdienst
1233	sind sie
1234	frische
1235	rekrütlein
1236	merkwürdigerweise
1237	unserein
1238	könnte
1239	leisten
1240	zu essen
1241	früchtekuchen
1242	spitz
1243	sind es
1244	eigentlich
1245	durcheinander
1246	vorige
1247	ende
1248	warum
1249	wegen
1250	bricht
1251	deutschen
1252	lärmen
1253	hat man
1254	sternswut
1255	so einen
1256	moment
1257	unten
1258	eingezogen
1259	schweiz
1260	verlassen
1261	aint
1262	deutschland
1263	schreinermeister
1264	wollen wir
1265	altes
1266	darananhin
1267	topolino
1268	dreitakter
1269	münchen
1270	dachau
1271	sehen
1272	zmittag
1273	gegessen
1274	vergöttert
1275	leid
1276	euch
1277	tischtuch
1278	passendes
1279	besteck
1280	gabel
1281	löffel
1282	geben euch
1283	was wir
1284	arm
1285	konzentrationslager
1286	ehrlich
1287	inhingekommen
1288	leichen
1289	verbrannt
1290	blut
1291	boden
1292	inhingelugt
1293	gestunken
1294	unserem
1295	schweizer
1296	darauf
1297	anhin
1298	gehängt
1299	zettel
1300	dafür
1301	dagegen
1302	berg
1303	aufhin
1304	leiterberg
1305	verscharrt
1306	ausgehoben
1307	richtig
1308	begraben
1309	gschooret
1310	leichenteile
1311	robert
1312	industrie
1313	kriegsmaterial
1314	wagen
1315	aufhingeheien
1316	fortführen
1317	militärdienst
1318	garten
1319	eingemauert
1320	an einer
1321	wand
1322	dass ihm
1323	niemand
1324	nääm
1325	mäuerlein
1326	darumumhin
1327	geahnt
1328	sobald
1329	dass wir
1330	daran
1331	bleiben
1332	flüchtlinge
1333	weit
1334	diele
1335	grossvater
1336	bedienen
1337	tisch
1338	verraten
1339	wären
1340	fernseh
1341	volk
1342	woran
1343	feindsender
1344	aussergewöhnlich
1345	strecken
1346	haufen
1347	schutt
1348	asche
1349	stadtteile
1350	heimgefahren
1351	wir es
1352	decke
1353	blaue
1354	milch
1355	gschwelt
1356	erdäpfel
1357	mageren
1358	käse
1359	sollen wir
1360	anlugen
1361	wahnsinnig
1362	schnell
1363	erholt
1364	werktag
1365	weggeräumt
1366	heilbronn
1367	unsinnig
1368	anstrengungen
1369	hier
1370	hülle
1371	fülle
1372	haben ihnen
1373	einem
1374	erlaubt
1375	inhinnehmen
1376	handwerker
1377	möchten
1378	weiteren
1379	ausbildung
1380	gebrüelt
1381	liebsten
1382	meisterschule
1383	grösser
1384	pensioniert
1385	schweizerischen
1386	alpenclub
1387	kriegszeit
1388	jugendlicher
1389	erlebt
1390	bodeneben
1391	mechanische
1392	luftschutz
1393	umgekommen
1394	kolossal
1395	gelitten
1396	da gewesen
1397	besucht
1398	schwere
1399	mausarm
1400	geschäfte
1401	geplündert
1402	schuld
1403	inzwischen
1404	sechzig
1405	gesundheitlich
1406	aufgegeben
1407	junger
1408	bursche
1409	posten
1410	oh
1411	ski fahren
1412	bergsteigen
1413	in einen
1414	kletterkurs
1415	strenge
1416	zmorgen
1417	gekränkelt
1418	ausgebaut
1419	inhingetan
1420	öfelein
1421	zentralheizung
1422	streng
1423	abgebrochen
1424	strasse
1425	voranhin
1426	hätten sie
1427	vorschriften
1428	diesen
1429	weg
1430	haben wir es
1431	trottoir
1432	land
1433	bauen
1434	bestanden
1435	zusammengebaut
1436	terässlein
1437	breit
1438	interessiert
1439	wortkarg
1440	abseits
1441	geheim
1442	leger
1443	tragisch
1444	ausgang
1445	dorf
1446	rendiert
1447	general
1448	guisan
1449	sogenannte
1450	reduit-strategie
1451	quasi
1452	würden
1453	besetzen
1454	mittelland
1455	ausliefern
1456	armee
1457	zieht
1458	alpenfestung
1459	wüsste
1460	vielleicht
1461	eher
1462	herzlich
1463	ihn
1464	ausgehalten
1465	zinken
1466	aushinstechen
1467	lehrbub
1468	edi
1469	allein
1470	gröbsten
1471	kindergarten
1472	abgeben
1473	buochserstrasse
1474	besetzt
1475	einundvierzig
1476	bundesfeier
1477	sechshundertfünfzig
1478	eidgenossenschaft
1479	gefeiert
1480	as
1481	fragen
1482	hundertfünfzig
1483	ech
1484	neunzehneinundvierzig
1485	neunzehnhunderteinundvierzig
1486	mager
1487	einbezogen
1488	verständnis
1489	beliebt
1490	expo
1491	landi
1492	neununddreissig
1493	zürich
1494	wobei
1495	gewählt
1496	unterbrochen
1497	erst
1498	aa
1499	weitergelaufen
1500	begegnet
1501	abgehärtet
1502	en
1503	aufnehmen
1504	zu ende
1505	gejubelt
1506	fröhlich
1507	aneinander
1508	fenstern
1509	gerufen
1510	habt ihr
1511	gottseidank
1512	beten
1513	danken
1514	wohl
1515	inhingegangen
1516	schier
1517	glauben
1518	normale
1519	euch es
1520	ufhusen
1521	kanton
1522	chef
1523	italiener
1524	bewacht
1525	meldung
1526	hallo
1527	gefestet
1528	höherer
1529	offizier
1530	nächti
1531	zu trinken
1532	nebenaushin
1533	geschlagen
1534	italienern
1535	lustig
1536	politisches
1537	irgendwie
1538	politisiert
1539	geschlafen
1540	eingekehrt
1541	gewaltige
1542	wirtschaftlich
1543	unsinniges
1544	plus
1545	gaden
1546	melken
1547	kräfte
1548	einhenken
1549	anbauschlacht
1550	doppelte
1551	auge
1552	zugedrückt
1553	stefanstag
1554	weihnachten
1555	weihnachtsurlaub
1556	welchem
1557	weihnacht
1558	eingegeben
1559	unserer
1560	rechnung
1561	fünfundzwanzigsten
1562	dezember
1563	sollen
1564	heiligabend
1565	gespürt
1566	telefoniert
1567	i
1568	kommandanten
1569	zusammenhang
1570	berner oberland
1571	grossmutter
1572	weihnachtsferien
1573	klasse
1574	grosseltern
1575	mool
1576	angetan
1577	hat ihm
1578	nachhinmögen
1579	schlechte
1580	schützen
1581	schiessen
1582	scheiben
1583	dänk
1584	lehren
1585	strecke
1586	wo sie
1587	zusammennehmen
1588	zielen
1589	verschiessen
1590	mut
1591	fangen
1592	freitag
1593	interview
1594	hans
1595	b***
1596	person
1597	zweiundzwanzigsten
1598	juli
1599	neunzehnhundertsechsundzwanzig
1600	gemeindeweibel
1601	spittelabwart
1602	heisst
1603	gemeindehaus
1604	abwart
1605	gemeindeverwaltung
1606	unterbracht
1607	sparkassen
1608	gemeinde
1609	geldinstitut
1610	oberen
1611	stock
1612	gefängniszellen
1613	kurz
1614	betrunkene
1615	eingeliefert
1616	verfehlungen
1617	inva
1618	inhaftiert
1619	angesehene
1620	rat
1621	vertreten
1622	roten
1623	mantel
1624	weibel
1625	dreispitzhut
1626	gemeinderat
1627	begleitet
1628	neunzehnhundertneununddreissig
1629	landesausstellung
1630	neunzehnhundertsechsunddreissig
1631	bundesbriefarchive
1632	eingeweht
1633	hausfrau
1634	teilweisse
1635	zögling
1636	zuunterst
1637	nämlich
1638	ne
1639	herberg
1640	derige
1641	wanderer
1642	gratis
1643	übernachten
1644	vierteljahre
1645	morgenessen
1646	grossbezüger
1647	lebensmittel
1648	dementsprechend
1649	eingerichtet
1650	zigeuner
1651	arbeitsscheue
1652	gezogen
1653	plan
1654	station
1655	einsiedeln
1656	nächste
1657	altdorf
1658	gewandert
1659	ecke
1660	gelegenheit
1661	ausgenützt
1662	wohnwagen
1663	festen
1664	wohnsitz
1665	ausgebrochen
1666	rein
1667	lebensmittelkarte
1668	sesshaft
1669	melden
1670	damit
1671	ch
1672	beziehen
1673	bezeichnen
1674	fahrende
1675	umgebung
1676	hauptsächlich
1677	nähe
1678	badanstalt
1679	lauerzersee
1680	schere
1681	schleifen
1682	haushalten
1683	sterne
1684	vorwand
1685	keines
1686	messer
1687	kleines
1688	baze
1689	erster
1690	linie
1691	sondern
1692	unterhalt
1693	tür
1694	komisch
1695	gefunden
1696	misstrauisch
1697	normal
1698	sorten
1699	eingefl
1700	eingefleischte
1701	geschlechter
1702	graf
1703	gerzunehr
1704	hauser
1705	betrunken
1706	friedlich
1707	gewalttätig
1708	gegenannt
1709	polizei
1710	gewisse
1711	original
1712	gekannt
1713	gutes
1714	verhältnis
1715	probleme
1716	geduldet
1717	teilweise
1718	unangenehm
1719	aufgefallen
1720	lassen
1721	betrinken
1722	wills
1723	überal
1724	schnaps
1725	bettelt
1726	ausfällig
1727	dreissigerjahre
1728	wirtschaftskrise
1729	vielen
1730	orten
1731	innerschweiz
1732	anstellung
1733	arbeitslosenzeit
1734	krisenzeit
1735	voll
1736	bauerndorf
1737	ländliche
1738	bauernbetrieben
1739	mittelstand
1740	ver
1741	handwerkerbetrieben
1742	kantonshauptort
1743	beamtin
1744	steuerverwaltung
1745	sekretären
1746	alter
1747	bundesarchive
1748	bundesbrief
1749	aufbewart
1750	is
1751	neuer
1752	gezügelt
1753	wichtig
1754	urschweiz
1755	eingebildet
1756	ereignis
1757	regierungsvertretung
1758	obwohl
1759	freske
1760	bundesarchiv
1761	modern
1762	einverstanden
1763	anschlag
1764	studenten
1765	kollegin
1766	verun
1767	dulden
1768	moderne
1769	art
1770	maler
1771	danjot
1772	urnerland
1773	fresken
1774	irgendeinest
1775	plakat
1776	gehangen
1777	gerühmt
1778	danijott
1779	graus
1780	sapperländern
1781	heldenhaft
1782	verschenkten
1783	freundschaft
1784	weckten
1785	antwort
1786	grund
1787	panfleht
1788	aufgehängt
1789	sechsunddreissig
1790	zehnjährig
1791	blein
1792	umzug
1793	archive
1794	neuen
1795	durchgeführt
1796	heldensage
1797	winkelried
1798	gegolten
1799	patriotisch
1800	instruiert
1801	wollte
1802	aufgeklärt
1803	geschichte
1804	hauptfa
1805	beine
1806	grössere
1807	fächer
1808	herrenhäuser
1809	patrizierhäuser
1810	vonatlingen
1811	kriegszüge
1812	finanziert
1813	innerschweizer
1814	beispiel
1815	gefühlt
1816	zuerste
1817	schriften
1818	reicht
1819	schönen
1820	saal
1821	ansprechsbar
1822	gebei
1823	polizeigebäude
1824	untergebracht
1825	blakt
1826	ben
1827	gemeindebürger
1828	kantonsbürger
1829	kantonen
1830	zeigt
1831	erniedrigend
1832	speziell
1833	erwähnen
1834	berne
1835	stimme
1836	anonim
1837	stimmen
1838	rathaus
1839	ringsumen
1840	landamann
1841	portre
1842	waffen
1843	präsentiert
1844	loch
1845	lokalga
1846	historisches
1847	anonims
1848	graben
1849	katholischkonservativ
1850	liberal
1851	reformiert
1852	katholisch
1853	spürbar
1854	einzigen
1855	reformierten
1856	nachteil
1857	erlitten
1858	politisch
1859	klar
1860	sch
1861	genannten
1862	freisinnige
1863	liberale
1864	eingestuft
1865	abspaltung
1866	christlichsozial
1867	sp
1868	verschwindend
1869	kreis
1870	toleriert
1871	jeder
1872	diskriminierung
1873	religiös
1874	pragt
1875	jeden
1876	frühmesse
1877	schülermesse
1878	ersch
1879	kollegen
1880	masse
1881	einfluss
1882	religiosität
1883	professoren
1884	geistlichen
1885	stand
1886	nachträglich
1887	umgewandelt
1888	kantonsschule
1889	weltliche
1890	meint
1891	prägt
1892	ausgewirkt
1893	k
1894	auskunft
1895	grundsätzen
1896	grundsatz
1897	nennen
1898	nebenander
1899	aufgewachsen
1900	figur
1901	sottige
1902	beitgang
1903	gewalfahrtet
1904	stücke
1905	hälfte
1906	davon
1907	südostbahn
1908	bitgang
1909	religiöse
1910	genannte
1911	flurprozession
1912	gedähenn
1913	feldfrüchte
1914	felder
1915	geistlichkeit
1916	verschiedene
1917	stationen
1918	gebet
1919	weiterzogen
1920	papst
1921	autorität
1922	fronleichnahmsprozession
1923	dorfchreis
1924	verschiedenen
1925	regierung
1926	aufgemarschiert
1927	vereine
1928	schwinger
1929	ihrem
1930	fahnen
1931	gesellenverein
1932	kolpingsverein
1933	gründer
1934	karl
1935	adolf
1936	kolping
1937	schumachergesell
1938	not
1939	gesellen
1940	geschart
1941	gegründet
1942	zirka
1943	sektionen
1944	eigene
1945	häuser
1946	weltweit
1947	raum
1948	österreich
1949	ungarn
1950	rumas
1951	mänien
1952	polen
1953	familienverein
1954	ziel
1955	rechten
1956	christ
1957	staatsmann
1958	tragende
1959	seulen
1960	aufgebaut
1961	sektion
1962	neunzehnhundert
1963	dreiundvierzig
1964	krankenkassen
1965	nommen
1966	jugendliche
1967	familienkrankenkasse
1968	irgendwann
1969	darüber
1970	diskutiert
1971	angeschafft
1972	hitlerrede
1973	hitlerfreundlich
1974	anpasser
1975	umhingeredet
1976	vorwar
1977	verhaltener
1978	spezielllie
1979	geschäftsleute
1980	darunter
1981	sympathisanten
1982	sympathisiert
1983	vermutet
1984	geäussert
1985	eigendwann
1986	bevor
1987	reduit
1988	geschützt
1989	grenze
1990	grenzkantonen
1991	sicherheit
1992	gewiegt
1993	redwein
1994	redwi
1995	erstens
1996	vierte
1997	armeegegors
1998	vorsteher
1999	oberst
2000	gorkommandanten
2001	labar
2002	schulkinder
2003	hotel
2004	rösslein
2005	residiert
2006	büro
2007	vierten
2008	armeegegor
2009	schulzimmer
2010	belegt
2011	beschützt
2012	jugendlichen
2013	überlegt
2014	passieren
2015	zweiten
2016	september
2017	mögen
2018	gemeindekanzlei
2019	couwer
2020	töffnet
2021	geöffnet
2022	offizielle
2023	telegramm
2024	mobilmachungsplakate
2025	darin
2026	persönlich
2027	leere
2028	zellen
2029	eingeschrieben
2030	öffentlichen
2031	plätze
2032	plakate
2033	angeschlagen
2034	mitgegangen
2035	stauch
2036	gebäude
2037	rings
2038	praktisch
2039	tragweite
2040	verändert
2041	veranderung
2042	anpflanzen
2043	achten
2044	festtag
2045	feiertag
2046	ehrenkompanie
2047	empfangen
2048	archivestiegen
2049	stehen
2050	trachtenmädchen
2051	erstes
2052	begrüssen
2053	tritt
2054	üben
2055	richtigen
2056	herhingestanden
2057	nervös
2058	kribel
2059	begrüsst
2060	neunzehnneununddreissig
2061	klassenkameraden
2062	beneidet
2063	gehänselt
2064	trachtemeitsche
2065	mündchen
2066	nume
2067	guisõõ
2068	oberfefehlshaber
2069	let
2070	vorherige
2071	ulrich
2072	wille
2073	vierzehn
2074	guiisõ
2075	beigemessen
2076	villa
2077	ursprünglich
2078	nachhingeredet
2079	neutral
2080	welschen
2081	uniform
2082	angehabt
2083	schliesslich
2084	nötig
2085	verteidigung
2086	zusammengesetzt
2087	mag
2088	ve
2089	vereidigung
2090	einrückungstag
2091	feld
2092	versammelt
2093	treueeid
2094	geschworen
2095	erlebnis
2096	zulugen
2097	weggezogen
2098	unterstand
2099	stellungen
2100	rücken
2101	abhingelaufen
2102	miltär
2103	waffengattung
2104	artillerie
2105	mitreiieur
2106	ross
2107	kanonen
2108	imposant
2109	miterleben
2110	bewusst
2111	zumnen
2112	einsatz
2113	bedeutet
2114	bauer
2115	landwirtschaftsbetrieben
2116	pflichtangebot
2117	bewältigen
2118	ausserhalb
2119	landwirtschaftsbereich
2120	stück
2121	verfügung
2122	gestellt
2123	pflanzen
2124	benützt
2125	pflanzt
2126	erle
2127	rhein
2128	einbach
2129	pachten
2130	schulmass
2131	mithelfen
2132	lehrmeister
2133	abwechslungsweise
2134	wald
2135	stecken
2136	hauen
2137	tafel
2138	chefel
2139	hinterdorf
2140	küchleinbunkern
2141	küchleinwirtschaft
2142	impolt
2143	umgebaut
2144	militärunterkunft
2145	geküchleinbunkern
2146	nöhe
2147	pflanzland
2148	bitz
2149	anstatt
2150	betrieb
2151	woche
2152	beieinander
2153	unterstaufen
2154	oberstaufen
2155	zusammengewesen
2156	durchgeschleusst
2157	gedanken
2158	neu
2159	meisten
2160	eindruck
2161	denkmal
2162	wehrhafte
2163	gros
2164	soll
2165	brõõssefigur
2166	areal
2167	kittel
2168	anzieht
2169	wehrbereitschaft
2170	model
2171	eff
2172	bevölkerung
2173	kurze
2174	glaub
2175	geschlossen
2176	patriotische
2177	vermittelt
2178	übergeschlagen
2179	soldat
2180	wehrbereitschafts
2181	statue
2182	verteidigen
2183	goldau
2184	abhin
2185	brunnen
2186	vierwaldstättersee
2187	rütli
2188	beziehungpunkte
2189	inmnen
2190	öffentliche
2191	stadt
2192	extratommenge
2193	herhingeführt
2194	ausstellung
2195	geschleust
2196	durchgeschleust
2197	solches
2198	erfahren
2199	grosstadt
2200	schulspaziergang
2201	natür
2202	naturtierpark
2203	goldauch
2204	alputten
2205	begrenzten
2206	schulzeit
2207	lu
2208	pflicht
2209	angebaut
2210	gerne
2211	film
2212	schwarzen
2213	tanner
2214	teil
2215	drehnt
2216	dialekt
2217	muotathal
2218	see
2219	anbauen
2220	hügeligen
2221	gland
2222	ertrage
2223	zwungen
2224	kriegswirtschaftsamt
2225	befohlen
2226	je
2227	parzellegrösse
2228	gewisses
2229	reklamiert
2230	landwirtschaftsbetrieb
2231	aufgeboten
2232	bauernbetriebe
2233	schmeissen
2234	belastung
2235	schwarzhandel
2236	kwellen
2237	bauernbetrieb
2238	bezogen
2239	sowieso
2240	grossbetrieb
2241	durchwanderer
2242	zuteilung
2243	normalbezüger
2244	anbau
2245	gemeindewischküche
2246	wischküche
2247	wisch
2248	erledigen
2249	militärküche
2250	bereits
2251	vorhanden
2252	nötigen
2253	herden
2254	militärzeit
2255	abgelaufen
2256	gewechselt
2257	reste
2258	hörnlich
2259	reis
2260	linse
2261	zucker
2262	verph
2263	verkauft
2264	kompaniekassen
2265	gra
2266	märklein
2267	mahlzeitenkarte
2268	jedes
2269	coupon
2270	unterwegs
2271	entsprechend
2272	quantum
2273	unruhe
2274	steinen
2275	herbst
2276	neunzehnhundertzweiundvierzig
2277	steiner
2278	naufer
2279	sennerei
2280	schweinerhaltung
2281	mauli
2282	zusätzlich
2283	mengen
2284	umhingeschlagen
2285	gehandelt
2286	geheimen
2287	anprangert
2288	begezogen
2289	rechschaft
2290	ziehen
2291	licht
2292	aushingekommen
2293	fünftausend
2294	kilo
2295	hir
2296	heiss
2297	wagenladung
2298	verschieben
2299	deklariert
2300	bücher
2301	kontrollieren
2302	polizist
2303	abgemacht
2304	stauffacher
2305	kapellen
2306	zwischen
2307	steine
2308	geläuten
2309	angetreten
2310	dreihundert
2311	eingang
2312	verwehrt
2313	verprügelt
2314	krankenhaus
2315	dorfpolizist
2316	darausmachen
2317	verstärkung
2318	angefordert
2319	rache
2320	bürotür
2321	eindrückt
2322	richtung
2323	verschiedenes
2324	landwirtschaftsdirektor
2325	untereinander
2326	verbindung
2327	aufgenommen
2328	aufmarschiert
2329	militärisch
2330	belagert
2331	gartenhäuslein
2332	nest
2333	maschinengewehr
2334	versucht
2335	weitergreift
2336	ausicherheit
2337	frieden
2338	gefährdet
2339	eindamme
2340	aufge
2341	diktiert
2342	explodiert
2343	freiheitswillen
2344	ausdruck
2345	verrückte
2346	verrückt
2347	neunzehnhundertvierzehnachtzehn
2348	streik
2349	verhindern
2350	zürcher
2351	dienstbüchlein
2352	speziellen
2353	stampfel
2354	ordnungsdienst
2355	stampelein
2356	eintrag
2357	schlimmsten
2358	betriebsinhaber
2359	nufer
2360	verhaftet
2361	abgeführt
2362	aarau
2363	ar
2364	aargau
2365	gefängnis
2366	weger
2367	renwollte
2368	verstehen
2369	irrigen
2370	dabei
2371	stil
2372	übertrieben
2373	revolte
2374	langt
2375	einiges
2376	alkohol
2377	verwertung
2378	geplagt
2379	kürsch
2380	begriff
2381	kriese
2382	kirsch
2383	brannt
2384	anne
2385	rigoros
2386	unterbunden
2387	alkoholsteuer
2388	aufgeballet
2389	abstimmen
2390	vorlage
2391	abgelehnt
2392	wuchtigem
2393	neinsagerkanton
2394	zusammengeballt
2395	vogt
2396	telefonhauch
2397	telefongespräch
2398	abgehört
2399	auszeug
2400	überkommen
2401	hitlertum
2402	rede
2403	rechte
2404	massiv
2405	berner
2406	vorgegangen
2407	verurteilt
2408	rechenschaft
2409	nötige
2410	unternau
2411	abgegurteilt
2412	strafen
2413	büsst
2414	landwirten
2415	wintersesõ
2416	abverdienen
2417	dienstkollegen
2418	bekannte
2419	verurteilten
2420	verwarr
2421	spittel
2422	straf
2423	absitzen
2424	st
2425	einzelhaft
2426	gruppe
2427	einzelzellen
2428	jasskarte
2429	gegenseitig
2430	unterhalten
2431	stationiert
2432	nachbarort
2433	alarmbereitschaft
2434	zweitausend
2435	lauerz
2436	rothenthurm
2437	paraden
2438	zeigen
2439	versteckter
2440	umstände
2441	präsentieren
2442	bürgerkrieg
2443	innert
2444	kurzer
2445	romõõ
2446	freiburgischen
2447	ähnliches
2448	aufstand
2449	gewehrt
2450	milchkonntagentierung
2451	dazukommen
2452	geschauert
2453	zei
2454	soldatenzwieback
2455	betteln
2456	kommission
2457	nussigipfel
2458	pier
2459	kommissionen
2460	sigaretten
2461	fünfe
2462	zehner
2463	ansprechpartner
2464	lauter
2465	gewunder
2466	nachhingestrichen
2467	amen
2468	bewackiert
2469	häuballen
2470	sack
2471	heu
2472	küngel
2473	dieser
2474	miterverfolgt
2475	stalingrad
2476	naa
2477	grösse
2478	abgestelle
2479	zuhingetan
2480	bild
2481	karte
2482	verfolgt
2483	r
2484	abneigung
2485	juden
2486	pfarrer
2487	heiland
2488	ans
2489	kreuz
2490	hm
2491	thema
2492	nati
2493	derigen
2494	auswärts
2495	we
2496	nöcher
2497	redwilli
2498	gesch
2499	englische
2500	bomber
2501	geflogen
2502	gotthard
2503	gotthardlinie
2504	mailand
2505	turin
2506	last
2507	abgeladen
2508	mitternacht
2509	gefolgen
2510	beispiele
2511	foto
2512	plas
2513	plastik
2514	stoffstoren
2515	abeziehen
2516	verkehr
2517	hellblauem
2518	verdunkelungslampen
2519	büchsen
2520	angebunden
2521	klappert
2522	dorther
2523	weitem
2524	verdunkelt
2525	unheimlich
2526	dunkel
2527	gewalt
2528	kriminalität
2529	basel
2530	geflüchtet
2531	auslandschweizer
2532	verwandte
2533	realisiert
2534	bedroht
2535	fabriken
2536	geliefert
2537	kreisen
2538	maschinenfabrik
2539	elsner
2540	ficktorinox
2541	bajonett
2542	armeemesser
2543	fiktorinox
2544	elsener
2545	schulkollegen
2546	jetzige
2547	jetzigen
2548	patronen
2549	brüder
2550	bajonat
2551	engländer
2552	verfolgungen
2553	kommunisten
2554	nazis
2555	kenntnis
2556	kristallnacht
2557	judenzentrennen
2558	vernichtet
2559	bratals
2560	regime
2561	übernächtler
2562	handwerksburschen
2563	breiten
2564	hosen
2565	hut
2566	eudem
2567	ges
2568	kopf
2569	ach
2570	gott
2571	dummes
2572	spät
2573	überzeugte
2574	nazi
2575	gegenteil
2576	schluss
2577	miterlebt
2578	plötz
2579	neunzehnhundertfünfundvierzig
2580	besonderen
2581	neunten
2582	fünft
2583	abschlusstag
2584	lehrabschlussprüfung
2585	resultat
2586	entgegengenommen
2587	zugleich
2588	glocken
2589	allgemeine
2590	wollten
2591	beruf
2592	aktuell
2593	rationierung
2594	aufgehoben
2595	kriegsende
2596	ganzes
2597	bündele
2598	rationierungskarte
2599	schukarte
2600	seiffekarte
2601	einmachzuckerkarten
2602	grosshaushaltungen
2603	frage
2604	gestört
2605	frauenstimmrecht
2606	nachen
2607	nationalrate
2608	brunnsche
2609	iel
2610	aufgelehnt
2611	mitmischeln
2612	trannt
2613	restaurant
2614	asse
2615	zurückerinnern
2616	wenigen
2617	ausflüge
2618	ramen
2619	sonntagsausflug
2620	nöhere
2621	verwandtenbesuch
2622	ferienreise
2623	obenin
2624	gefangene
2625	längere
2626	weltkrieg
2627	unterschiedliche
2628	meinungen
2629	prallen
2630	angelugt
2631	entscheid
2632	ander
2633	walfahrten
2634	zusammengekommen
2635	angekreide
2636	entscheidung
2637	finden
2638	schlusstrich
2639	grübeln
2640	generation
2641	heutigen
2642	irgendetwas
2643	daraufgekommen
2644	beantworten
2645	bereinigen
2646	erwartet
2647	spannend
2648	soziale
2649	fürsorge
2650	bescheiden
2651	ausgekommen
2652	heimschicken
2653	entschädigung
2654	ausgleich
2655	erwerbsersatz
2656	ahnfauch
2657	trägt
2658	unterstützt
2659	finanziell
2660	vorstellen
2661	ahaval
2662	pensionskasse
2663	durchhinmüssen
2664	heutiger
2665	kesselein
2666	nachgegangen
2667	suppe
2668	gegaggan
2669	suppenanstalt
2670	scheue
2671	kr
2672	winterzeit
2673	entfernt
2674	grösseren
2675	ausmass
2676	abgegeben
2677	bescheides
2678	entgelt
2679	winter
2680	einfacher
2681	jemal
2682	ballet
2683	bali
2684	pule
2685	bale
2686	jugend
2687	essenskultur
2688	schwiniges
2689	kalbs
2690	kuh
2691	nehmender
2692	zuliebe
2693	abgenommen
2694	fleischlosen
2695	tagen
2696	rationiert
2697	hörnerschlitten
2698	kisten
2699	halbe
2700	hängen
2701	rauchken
2702	politikern
2703	beamte
2704	täg
2705	umgangen
2706	schoggi
2707	ei
2708	gramm
2709	butter
2710	pfund
2711	nachdem
2712	rationierungskarten
2713	verzelle
2714	beamten
2715	gebiet
2716	lanschaden
2717	landschaden
2718	begutachten
2719	angemessen
2720	zw
2721	zweit
2722	alpen
2723	laufen
2724	autofahren
2725	tschip
2726	vorbeikommen
2727	kämen
2728	dummerweise
2729	beachtung
2730	geschenkt
2731	fleischlos
2732	fla
2733	flei
2734	feischlos
2735	herrensitzen
2736	bauernwirtschaft
2737	bauerngaststuben
2738	schockiert
2739	überkommt
2740	wakir
2741	zugepackt
2742	zuhinsitzen
2743	regeln
2744	gehalten
2745	danke
2746	fürs
2747	gespräch
2748	bitte
2749	geschehen
2750	müssten
2751	einerseits
2752	stum
2753	sekunden
2754	kamera
2755	lässt
2756	direkt
2757	brüllen
2758	spiegelt
2759	nofember
2760	kilofünfhundertgramm
2761	siebenhundertfünfzig
2762	teigwaren
2763	zweihundertfünfzig
2764	hülsenfrüchte
2765	hafer
2766	gerstenprodukt
2767	merze
2768	neunzehnhundertachtundvierzig
2769	achtundvierzig
2770	grosszügiger
2771	liter
2772	brotkarte
2773	speziellbezug
2774	textilkarte
2775	blende
2776	einlösen
2777	offiziell
2778	kraft
2779	treten
2780	kompliziert
2781	all
2782	dinge
2783	abrechnen
2784	bogen
2785	aufkleben
2786	fünfhundert
2787	entsprochen
2788	kilopreis
2789	läden
2790	legerer
2791	dank
2792	grosshaushalt
2793	vermehrt
2794	gupõõ
2795	filmen
2796	nochmal
2797	filme
2798	ungehenkt
2799	mobilisation
2800	aufstehen
2801	bef
2802	befehl
2803	kriegsmobilmachung
2804	ausgerufen
2805	schulhäusern
2806	blakadushanigstellen
2807	dabeigewesen
2808	anemachen
2809	umlegende
2810	wieso
2811	besitz
2812	orriginalblakat
2813	deponiert
2814	privatbesitz
2815	sainzigen
2816	aufbehalten
2817	marsse
2818	länger
2819	februar
2820	april
2821	gupon
2822	höris
2823	hörender
2824	abgestellt
2825	giz
2826	tönt
2827	merlin
2828	id
2829	kloster
2830	chara
2831	eier
2832	jetztetera
2833	abgeliefert
2834	vielle
2835	schwarzhandu
2836	tribe
2837	worde
2838	deine
2839	eltere
2840	zimmermann
2841	muater
2842	ide
2843	bueb
2844	fabrikarbeiter
2845	stalmagazin
2846	stallmagazin
2847	werkzeugausgabe
2848	verantwortlich
2849	verzählmans
2850	frühner
2851	aufm
2852	ausse
2853	telefon
2854	freisinnigebetreib
2855	derung
2856	katholischkonservati
2857	entschuldigung
2858	ah
2859	katholischkonservative
2860	rolle
2861	vorwärts
2862	kan
2863	solothurn
2864	kultur
2865	spezielle